member_name	geo_accession	sample_id	compressed_size_bytes	matrix_rows_genes	matrix_cols_cells	header_total_columns_including_gene_col	first_header_fields	first_genes	barcode_suffix_examples	bad_column_count_rows	invalid_numeric_value_rows	missing_value_rows	mt_gene_count	mt_gene_examples	hb_gene_count	hb_gene_examples	gene_order_sha256	suspected_matrix_type	audit_decision_precheck	scan_seconds
GSM5573466_sample1.csv.gz	GSM5573466	sample1	6309075	26571	2685	2686	|AAACCTGAGGCTACGA_8|AAACCTGAGGTTCCTA_8|AAACCTGGTTGACGTT_8|AAACCTGTCCATGAAC_8|AAACGGGAGTGTACGG_8	AL627309.1|AL669831.5|FAM87B|LINC00115|FAM41C	8|8|8|8|8	0	0	0	13	MT-ND1|MT-ND2|MT-CO1|MT-CO2|MT-ATP8|MT-ATP6|MT-CO3|MT-ND3	10	HBEGF|HBB|HBD|HBZ|HBA2|HBA1|HBQ1|HBM	4c6f6f498a174a0d0dfa4d1272802c937ec779e2b33ef4a6d2d974ec93719ec3	nonnegative_integer_count_like	enter_full_F1_candidate	5.49
GSM5573467_sample2.csv.gz	GSM5573467	sample2	7053001	26571	2769	2770	|AAACCTGAGGAGTAGA_9|AAACCTGAGGGTGTTG_9|AAACCTGAGGTTCCTA_9|AAACCTGCAACTGCTA_9|AAACCTGCAGTCAGAG_9	AL627309.1|AL669831.5|FAM87B|LINC00115|FAM41C	9|9|9|9|9	0	0	0	13	MT-ND1|MT-ND2|MT-CO1|MT-CO2|MT-ATP8|MT-ATP6|MT-CO3|MT-ND3	10	HBEGF|HBB|HBD|HBZ|HBA2|HBA1|HBQ1|HBM	4c6f6f498a174a0d0dfa4d1272802c937ec779e2b33ef4a6d2d974ec93719ec3	nonnegative_integer_count_like	enter_full_F1_candidate	5.75
GSM5573468_sample3.csv.gz	GSM5573468	sample3	9528325	26571	3525	3526	|AAACCTGAGCACGCCT_10|AAACCTGAGGCTAGGT_10|AAACCTGGTTGTGGAG_10|AAACCTGTCCACGAAT_10|AAACCTGTCTTCAACT_10	AL627309.1|AL669831.5|FAM87B|LINC00115|FAM41C	10|10|10|10|10	0	0	0	13	MT-ND1|MT-ND2|MT-CO1|MT-CO2|MT-ATP8|MT-ATP6|MT-CO3|MT-ND3	10	HBEGF|HBB|HBD|HBZ|HBA2|HBA1|HBQ1|HBM	4c6f6f498a174a0d0dfa4d1272802c937ec779e2b33ef4a6d2d974ec93719ec3	nonnegative_integer_count_like	enter_full_F1_candidate	7.63
GSM5573469_sample4.csv.gz	GSM5573469	sample4	5163679	26571	2066	2067	|AAACCTGAGACTTTCG_11|AAACCTGCAGGCTCAC_11|AAACCTGGTACCGCTG_11|AAACCTGGTCAGCTAT_11|AAACGGGCAGCGTTCG_11	AL627309.1|AL669831.5|FAM87B|LINC00115|FAM41C	11|11|11|11|11	0	0	0	13	MT-ND1|MT-ND2|MT-CO1|MT-CO2|MT-ATP8|MT-ATP6|MT-CO3|MT-ND3	10	HBEGF|HBB|HBD|HBZ|HBA2|HBA1|HBQ1|HBM	4c6f6f498a174a0d0dfa4d1272802c937ec779e2b33ef4a6d2d974ec93719ec3	nonnegative_integer_count_like	enter_full_F1_candidate	4.27
GSM5573470_sample5.csv.gz	GSM5573470	sample5	9214324	26571	3693	3694	|AAACCTGAGCCATCGC_12|AAACCTGCACACCGCA_12|AAACCTGCACGGATAG_12|AAACCTGCAGAGTGTG_12|AAACCTGGTAAATACG_12	AL627309.1|AL669831.5|FAM87B|LINC00115|FAM41C	12|12|12|12|12	0	0	0	13	MT-ND1|MT-ND2|MT-CO1|MT-CO2|MT-ATP8|MT-ATP6|MT-CO3|MT-ND3	10	HBEGF|HBB|HBD|HBZ|HBA2|HBA1|HBQ1|HBM	4c6f6f498a174a0d0dfa4d1272802c937ec779e2b33ef4a6d2d974ec93719ec3	nonnegative_integer_count_like	enter_full_F1_candidate	7.59
GSM5573471_sample6.csv.gz	GSM5573471	sample6	5087448	26571	2065	2066	|AAACCTGAGCATGGCA_13|AAACCTGCACATGACT_13|AAACCTGCATGGTAGG_13|AAACCTGTCATCATTC_13|AAACGGGAGAAGGTTT_13	AL627309.1|AL669831.5|FAM87B|LINC00115|FAM41C	13|13|13|13|13	0	0	0	13	MT-ND1|MT-ND2|MT-CO1|MT-CO2|MT-ATP8|MT-ATP6|MT-CO3|MT-ND3	10	HBEGF|HBB|HBD|HBZ|HBA2|HBA1|HBQ1|HBM	4c6f6f498a174a0d0dfa4d1272802c937ec779e2b33ef4a6d2d974ec93719ec3	nonnegative_integer_count_like	enter_full_F1_candidate	5.11
GSM5573472_sample7.csv.gz	GSM5573472	sample7	5477244	26571	2097	2098	|AAACCTGAGTTATCGC_14|AAACCTGGTAATCGTC_14|AAACGGGAGCAACGGT_14|AAACGGGCATATGGTC_14|AAACGGGGTATCTGCA_14	AL627309.1|AL669831.5|FAM87B|LINC00115|FAM41C	14|14|14|14|14	0	0	0	13	MT-ND1|MT-ND2|MT-CO1|MT-CO2|MT-ATP8|MT-ATP6|MT-CO3|MT-ND3	10	HBEGF|HBB|HBD|HBZ|HBA2|HBA1|HBQ1|HBM	4c6f6f498a174a0d0dfa4d1272802c937ec779e2b33ef4a6d2d974ec93719ec3	nonnegative_integer_count_like	enter_full_F1_candidate	4.43
GSM5573473_sample8.csv.gz	GSM5573473	sample8	16150984	26571	7177	7178	|AAACCTGAGAAGGTTT_15|AAACCTGAGGACTGGT_15|AAACCTGAGTCGTACT_15|AAACCTGCAAAGCGGT_15|AAACCTGCAAGCGAGT_15	AL627309.1|AL669831.5|FAM87B|LINC00115|FAM41C	15|15|15|15|15	0	0	0	13	MT-ND1|MT-ND2|MT-CO1|MT-CO2|MT-ATP8|MT-ATP6|MT-CO3|MT-ND3	10	HBEGF|HBB|HBD|HBZ|HBA2|HBA1|HBQ1|HBM	4c6f6f498a174a0d0dfa4d1272802c937ec779e2b33ef4a6d2d974ec93719ec3	nonnegative_integer_count_like	enter_full_F1_candidate	16.41
GSM5573474_sample9.csv.gz	GSM5573474	sample9	6611275	26571	3319	3320	|AAACCTGAGTGTTAGA_16|AAACCTGCACTGCCAG_16|AAACCTGCAGATGGCA_16|AAACCTGGTAATCACC_16|AAACCTGGTGCGATAG_16	AL627309.1|AL669831.5|FAM87B|LINC00115|FAM41C	16|16|16|16|16	0	0	0	13	MT-ND1|MT-ND2|MT-CO1|MT-CO2|MT-ATP8|MT-ATP6|MT-CO3|MT-ND3	10	HBEGF|HBB|HBD|HBZ|HBA2|HBA1|HBQ1|HBM	4c6f6f498a174a0d0dfa4d1272802c937ec779e2b33ef4a6d2d974ec93719ec3	nonnegative_integer_count_like	enter_full_F1_candidate	7.62
GSM5573475_sample10.csv.gz	GSM5573475	sample10	5659807	26571	2668	2669	|AAACCTGAGCCAGAAC_17|AAACCTGAGTAGATGT_17|AAACCTGAGTCGAGTG_17|AAACCTGAGTGAATTG_17|AAACCTGCATCTCCCA_17	AL627309.1|AL669831.5|FAM87B|LINC00115|FAM41C	17|17|17|17|17	0	0	0	13	MT-ND1|MT-ND2|MT-CO1|MT-CO2|MT-ATP8|MT-ATP6|MT-CO3|MT-ND3	10	HBEGF|HBB|HBD|HBZ|HBA2|HBA1|HBQ1|HBM	4c6f6f498a174a0d0dfa4d1272802c937ec779e2b33ef4a6d2d974ec93719ec3	nonnegative_integer_count_like	enter_full_F1_candidate	5.56
GSM5573476_sample11.csv.gz	GSM5573476	sample11	2555798	26571	851	852	|AAACCTGGTCCAGTGC_18|AAACCTGGTCGTTGTA_18|AAACGGGAGAGGGATA_18|AAACGGGTCAAACAAG_18|AAAGATGGTAAGAGGA_18	AL627309.1|AL669831.5|FAM87B|LINC00115|FAM41C	18|18|18|18|18	0	0	0	13	MT-ND1|MT-ND2|MT-CO1|MT-CO2|MT-ATP8|MT-ATP6|MT-CO3|MT-ND3	10	HBEGF|HBB|HBD|HBZ|HBA2|HBA1|HBQ1|HBM	4c6f6f498a174a0d0dfa4d1272802c937ec779e2b33ef4a6d2d974ec93719ec3	nonnegative_integer_count_like	enter_full_F1_candidate	1.64
GSM5573477_sample12.csv.gz	GSM5573477	sample12	1854150	26571	592	593	|AAACCTGCAAGAAAGG_19|AAACGGGGTCCAGTGC_19|AAACGGGTCGCGTTTC_19|AAAGATGGTTGTCTTT_19|AAAGCAAGTGGTCCGT_19	AL627309.1|AL669831.5|FAM87B|LINC00115|FAM41C	19|19|19|19|19	0	0	0	13	MT-ND1|MT-ND2|MT-CO1|MT-CO2|MT-ATP8|MT-ATP6|MT-CO3|MT-ND3	10	HBEGF|HBB|HBD|HBZ|HBA2|HBA1|HBQ1|HBM	4c6f6f498a174a0d0dfa4d1272802c937ec779e2b33ef4a6d2d974ec93719ec3	nonnegative_integer_count_like	enter_full_F1_candidate	1.14
GSM5573478_sample13.csv.gz	GSM5573478	sample13	3095462	26571	2339	2340	|AAACCTGCACTAAGTC_20|AAACCTGCATCCGGGT_20|AAACCTGCATTCTCAT_20|AAACCTGGTATTCTCT_20|AAACCTGGTTAAGATG_20	AL627309.1|AL669831.5|FAM87B|LINC00115|FAM41C	20|20|20|20|20	0	0	0	13	MT-ND1|MT-ND2|MT-CO1|MT-CO2|MT-ATP8|MT-ATP6|MT-CO3|MT-ND3	10	HBEGF|HBB|HBD|HBZ|HBA2|HBA1|HBQ1|HBM	4c6f6f498a174a0d0dfa4d1272802c937ec779e2b33ef4a6d2d974ec93719ec3	nonnegative_integer_count_like	enter_full_F1_candidate	4.38
GSM5573479_sample14.csv.gz	GSM5573479	sample14	13624287	26571	7276	7277	|AAACCTGAGACAAAGG_3|AAACCTGAGATCCTGT_3|AAACCTGAGCGAAGGG_3|AAACCTGAGCTGTTCA_3|AAACCTGAGGCCATAG_3	AL627309.1|AL669831.5|FAM87B|LINC00115|FAM41C	3|3|3|3|3	0	0	0	13	MT-ND1|MT-ND2|MT-CO1|MT-CO2|MT-ATP8|MT-ATP6|MT-CO3|MT-ND3	10	HBEGF|HBB|HBD|HBZ|HBA2|HBA1|HBQ1|HBM	4c6f6f498a174a0d0dfa4d1272802c937ec779e2b33ef4a6d2d974ec93719ec3	nonnegative_integer_count_like	enter_full_F1_candidate	13.57
GSM5573480_sample15.csv.gz	GSM5573480	sample15	29264840	26571	13626	13627	|AAACCTGAGAGGGATA_21|AAACCTGAGGTTCCTA_21|AAACCTGCAAGAGTCG_21|AAACCTGCAAGTTCTG_21|AAACCTGCAGGCTGAA_21	AL627309.1|AL669831.5|FAM87B|LINC00115|FAM41C	21|21|21|21|21	0	0	0	13	MT-ND1|MT-ND2|MT-CO1|MT-CO2|MT-ATP8|MT-ATP6|MT-CO3|MT-ND3	10	HBEGF|HBB|HBD|HBZ|HBA2|HBA1|HBQ1|HBM	4c6f6f498a174a0d0dfa4d1272802c937ec779e2b33ef4a6d2d974ec93719ec3	nonnegative_integer_count_like	enter_full_F1_candidate	25.86
GSM5573481_sample16.csv.gz	GSM5573481	sample16	4743706	26571	1689	1690	|AAACCTGAGGGAACGG_22|AAACCTGAGTTAGCGG_22|AAACCTGGTCTCACCT_22|AAACCTGGTGACTACT_22|AAACCTGGTGCGGTAA_22	AL627309.1|AL669831.5|FAM87B|LINC00115|FAM41C	22|22|22|22|22	0	0	0	13	MT-ND1|MT-ND2|MT-CO1|MT-CO2|MT-ATP8|MT-ATP6|MT-CO3|MT-ND3	10	HBEGF|HBB|HBD|HBZ|HBA2|HBA1|HBQ1|HBM	4c6f6f498a174a0d0dfa4d1272802c937ec779e2b33ef4a6d2d974ec93719ec3	nonnegative_integer_count_like	enter_full_F1_candidate	3.26
GSM5573482_sample17.csv.gz	GSM5573482	sample17	17491800	26571	7380	7381	|AAACCTGAGCGATAGC_23|AAACCTGAGCGGATCA_23|AAACCTGAGCGTTTAC_23|AAACCTGAGGGCATGT_23|AAACCTGAGGGTCGAT_23	AL627309.1|AL669831.5|FAM87B|LINC00115|FAM41C	23|23|23|23|23	0	0	0	13	MT-ND1|MT-ND2|MT-CO1|MT-CO2|MT-ATP8|MT-ATP6|MT-CO3|MT-ND3	10	HBEGF|HBB|HBD|HBZ|HBA2|HBA1|HBQ1|HBM	4c6f6f498a174a0d0dfa4d1272802c937ec779e2b33ef4a6d2d974ec93719ec3	nonnegative_integer_count_like	enter_full_F1_candidate	15.26
GSM5573483_sample18.csv.gz	GSM5573483	sample18	11408399	26571	6859	6860	|AAACCTGAGTGTCCCG_24|AAACCTGCAGCTCGCA_24|AAACCTGCAGGCTGAA_24|AAACCTGCATCCTTGC_24|AAACCTGGTAAACCTC_24	AL627309.1|AL669831.5|FAM87B|LINC00115|FAM41C	24|24|24|24|24	0	0	0	13	MT-ND1|MT-ND2|MT-CO1|MT-CO2|MT-ATP8|MT-ATP6|MT-CO3|MT-ND3	10	HBEGF|HBB|HBD|HBZ|HBA2|HBA1|HBQ1|HBM	4c6f6f498a174a0d0dfa4d1272802c937ec779e2b33ef4a6d2d974ec93719ec3	nonnegative_integer_count_like	enter_full_F1_candidate	14.07
GSM5573484_sample19.csv.gz	GSM5573484	sample19	4312103	26571	1215	1216	|AAACCTGAGAGACTTA_26|AAACCTGCAAGCGAGT_26|AAACCTGCACACCGCA_26|AAACGGGAGCGGATCA_26|AAACGGGAGTGAATTG_26	AL627309.1|AL669831.5|FAM87B|LINC00115|FAM41C	26|26|26|26|26	0	0	0	13	MT-ND1|MT-ND2|MT-CO1|MT-CO2|MT-ATP8|MT-ATP6|MT-CO3|MT-ND3	10	HBEGF|HBB|HBD|HBZ|HBA2|HBA1|HBQ1|HBM	4c6f6f498a174a0d0dfa4d1272802c937ec779e2b33ef4a6d2d974ec93719ec3	nonnegative_integer_count_like	enter_full_F1_candidate	3.12
GSM5573485_sample20.csv.gz	GSM5573485	sample20	10684890	26571	4487	4488	|AAACCTGAGGAACTGC_27|AAACCTGAGGGTTCCC_27|AAACCTGCATGCTGGC_27|AAACCTGGTACATCCA_27|AAACCTGGTATCAGTC_27	AL627309.1|AL669831.5|FAM87B|LINC00115|FAM41C	27|27|27|27|27	0	0	0	13	MT-ND1|MT-ND2|MT-CO1|MT-CO2|MT-ATP8|MT-ATP6|MT-CO3|MT-ND3	10	HBEGF|HBB|HBD|HBZ|HBA2|HBA1|HBQ1|HBM	4c6f6f498a174a0d0dfa4d1272802c937ec779e2b33ef4a6d2d974ec93719ec3	nonnegative_integer_count_like	enter_full_F1_candidate	10.26
GSM5573486_sample21.csv.gz	GSM5573486	sample21	4905658	26571	1879	1880	|AAACCTGCACAGGAGT_4|AAACCTGCATCACAAC_4|AAACCTGGTCCATCCT_4|AAACCTGGTGGCGAAT_4|AAACCTGTCACCAGGC_4	AL627309.1|AL669831.5|FAM87B|LINC00115|FAM41C	4|4|4|4|4	0	0	0	13	MT-ND1|MT-ND2|MT-CO1|MT-CO2|MT-ATP8|MT-ATP6|MT-CO3|MT-ND3	10	HBEGF|HBB|HBD|HBZ|HBA2|HBA1|HBQ1|HBM	4c6f6f498a174a0d0dfa4d1272802c937ec779e2b33ef4a6d2d974ec93719ec3	nonnegative_integer_count_like	enter_full_F1_candidate	4.55
GSM5573487_sample22.csv.gz	GSM5573487	sample22	1042735	26571	399	400	|AAAGCAAAGATCTGCT_5|AAATGCCCAAAGGAAG_5|AACACGTGTATAAACG_5|AACCGCGAGAGACTAT_5|AACTCTTCATCACGTA_5	AL627309.1|AL669831.5|FAM87B|LINC00115|FAM41C	5|5|5|5|5	0	0	0	13	MT-ND1|MT-ND2|MT-CO1|MT-CO2|MT-ATP8|MT-ATP6|MT-CO3|MT-ND3	10	HBEGF|HBB|HBD|HBZ|HBA2|HBA1|HBQ1|HBM	4c6f6f498a174a0d0dfa4d1272802c937ec779e2b33ef4a6d2d974ec93719ec3	nonnegative_integer_count_like	enter_full_F1_candidate	0.87
GSM5573488_sample23.csv.gz	GSM5573488	sample23	7755789	26571	3809	3810	|AAACCTGAGCGAGAAA_6|AAACCTGAGGAGTTTA_6|AAACCTGCAGACAAGC_6|AAACCTGGTAAGGGAA_6|AAACCTGGTAGGGTAC_6	AL627309.1|AL669831.5|FAM87B|LINC00115|FAM41C	6|6|6|6|6	0	0	0	13	MT-ND1|MT-ND2|MT-CO1|MT-CO2|MT-ATP8|MT-ATP6|MT-CO3|MT-ND3	10	HBEGF|HBB|HBD|HBZ|HBA2|HBA1|HBQ1|HBM	4c6f6f498a174a0d0dfa4d1272802c937ec779e2b33ef4a6d2d974ec93719ec3	nonnegative_integer_count_like	enter_full_F1_candidate	9.13
GSM5573489_sample24.csv.gz	GSM5573489	sample24	5169276	26571	2597	2598	|AAACCTGAGAACAACT_7|AAACCTGAGCTAACTC_7|AAACCTGAGTGAATTG_7|AAACCTGGTCCGTCAG_7|AAACCTGGTTACGGAG_7	AL627309.1|AL669831.5|FAM87B|LINC00115|FAM41C	7|7|7|7|7	0	0	0	13	MT-ND1|MT-ND2|MT-CO1|MT-CO2|MT-ATP8|MT-ATP6|MT-CO3|MT-ND3	10	HBEGF|HBB|HBD|HBZ|HBA2|HBA1|HBQ1|HBM	4c6f6f498a174a0d0dfa4d1272802c937ec779e2b33ef4a6d2d974ec93719ec3	nonnegative_integer_count_like	enter_full_F1_candidate	5.94
GSM5573490_sample25.csv.gz	GSM5573490	sample25	10088894	26571	4140	4141	|AAACCTGAGCGAGAAA_1|AAACCTGAGGAGCGTT_1|AAACCTGAGGGAGTAA_1|AAACCTGCAGCTATTG_1|AAACCTGTCAGCTTAG_1	AL627309.1|AL669831.5|FAM87B|LINC00115|FAM41C	1|1|1|1|1	0	0	0	13	MT-ND1|MT-ND2|MT-CO1|MT-CO2|MT-ATP8|MT-ATP6|MT-CO3|MT-ND3	10	HBEGF|HBB|HBD|HBZ|HBA2|HBA1|HBQ1|HBM	4c6f6f498a174a0d0dfa4d1272802c937ec779e2b33ef4a6d2d974ec93719ec3	nonnegative_integer_count_like	enter_full_F1_candidate	9.76
GSM5573491_sample26.csv.gz	GSM5573491	sample26	5818689	26571	2681	2682	|AAACCTGAGATCCCAT_2|AAACCTGGTAAGTTCC_2|AAACCTGTCAAGAAGT_2|AAACCTGTCCAGGGCT_2|AAACGGGAGACTACAA_2	AL627309.1|AL669831.5|FAM87B|LINC00115|FAM41C	2|2|2|2|2	0	0	0	13	MT-ND1|MT-ND2|MT-CO1|MT-CO2|MT-ATP8|MT-ATP6|MT-CO3|MT-ND3	10	HBEGF|HBB|HBD|HBZ|HBA2|HBA1|HBQ1|HBM	4c6f6f498a174a0d0dfa4d1272802c937ec779e2b33ef4a6d2d974ec93719ec3	nonnegative_integer_count_like	enter_full_F1_candidate	6.01
GSM5573492_sample27.csv.gz	GSM5573492	sample27	7349934	26571	4600	4601	|AAACCTGAGACAATAC_25|AAACCTGAGCAGGCTA_25|AAACCTGAGCTGAACG_25|AAACCTGAGTAGGTGC_25|AAACCTGAGTGACATA_25	AL627309.1|AL669831.5|FAM87B|LINC00115|FAM41C	25|25|25|25|25	0	0	0	13	MT-ND1|MT-ND2|MT-CO1|MT-CO2|MT-ATP8|MT-ATP6|MT-CO3|MT-ND3	10	HBEGF|HBB|HBD|HBZ|HBA2|HBA1|HBQ1|HBM	4c6f6f498a174a0d0dfa4d1272802c937ec779e2b33ef4a6d2d974ec93719ec3	nonnegative_integer_count_like	enter_full_F1_candidate	10.2
GSM5573493_sample28.csv.gz	GSM5573493	sample28	13900872	26571	6173	6174	|AAACCTGAGAAACGCC_28|AAACCTGAGCTACCTA_28|AAACCTGAGGGTATCG_28|AAACCTGCACAAGCCC_28|AAACCTGCACCCAGTG_28	AL627309.1|AL669831.5|FAM87B|LINC00115|FAM41C	28|28|28|28|28	0	0	0	13	MT-ND1|MT-ND2|MT-CO1|MT-CO2|MT-ATP8|MT-ATP6|MT-CO3|MT-ND3	10	HBEGF|HBB|HBD|HBZ|HBA2|HBA1|HBQ1|HBM	4c6f6f498a174a0d0dfa4d1272802c937ec779e2b33ef4a6d2d974ec93719ec3	nonnegative_integer_count_like	enter_full_F1_candidate	13.24
GSM5573494_sample29.csv.gz	GSM5573494	sample29	9393666	26571	3593	3594	|AAACCTGCACCGATAT_29|AAACCTGCAGGACGTA_29|AAACCTGGTTCAGCGC_29|AAACCTGGTTGTCTTT_29|AAACCTGTCACAATGC_29	AL627309.1|AL669831.5|FAM87B|LINC00115|FAM41C	29|29|29|29|29	0	0	0	13	MT-ND1|MT-ND2|MT-CO1|MT-CO2|MT-ATP8|MT-ATP6|MT-CO3|MT-ND3	10	HBEGF|HBB|HBD|HBZ|HBA2|HBA1|HBQ1|HBM	4c6f6f498a174a0d0dfa4d1272802c937ec779e2b33ef4a6d2d974ec93719ec3	nonnegative_integer_count_like	enter_full_F1_candidate	7.98
GSM5573495_sample30.csv.gz	GSM5573495	sample30	6546201	26571	3798	3799	|AAACCTGAGCCAACAG_30|AAACCTGCATTAGGCT_30|AAACCTGGTAAGTTCC_30|AAACGGGAGGGATACC_30|AAACGGGAGTCTCGGC_30	AL627309.1|AL669831.5|FAM87B|LINC00115|FAM41C	30|30|30|30|30	0	0	0	13	MT-ND1|MT-ND2|MT-CO1|MT-CO2|MT-ATP8|MT-ATP6|MT-CO3|MT-ND3	10	HBEGF|HBB|HBD|HBZ|HBA2|HBA1|HBQ1|HBM	4c6f6f498a174a0d0dfa4d1272802c937ec779e2b33ef4a6d2d974ec93719ec3	nonnegative_integer_count_like	enter_full_F1_candidate	8.53
GSM5573496_sample31.csv.gz	GSM5573496	sample31	4368094	26571	1996	1997	|AAACCTGAGAGACGAA_31|AAACCTGCATATGGTC_31|AAACCTGCATGAAGTA_31|AAACCTGTCGGATGTT_31|AAACCTGTCTAACTGG_31	AL627309.1|AL669831.5|FAM87B|LINC00115|FAM41C	31|31|31|31|31	0	0	0	13	MT-ND1|MT-ND2|MT-CO1|MT-CO2|MT-ATP8|MT-ATP6|MT-CO3|MT-ND3	10	HBEGF|HBB|HBD|HBZ|HBA2|HBA1|HBQ1|HBM	4c6f6f498a174a0d0dfa4d1272802c937ec779e2b33ef4a6d2d974ec93719ec3	nonnegative_integer_count_like	enter_full_F1_candidate	4.24
GSM5573497_sample32.csv.gz	GSM5573497	sample32	5349677	26571	2252	2253	|AAACCTGAGGAGTACC_36|AAACCTGGTCAAACTC_36|AAACGGGAGCCAGTTT_36|AAACGGGAGGGTCTCC_36|AAACGGGAGTGGGCTA_36	AL627309.1|AL669831.5|FAM87B|LINC00115|FAM41C	36|36|36|36|36	0	0	0	13	MT-ND1|MT-ND2|MT-CO1|MT-CO2|MT-ATP8|MT-ATP6|MT-CO3|MT-ND3	10	HBEGF|HBB|HBD|HBZ|HBA2|HBA1|HBQ1|HBM	4c6f6f498a174a0d0dfa4d1272802c937ec779e2b33ef4a6d2d974ec93719ec3	nonnegative_integer_count_like	enter_full_F1_candidate	4.92
GSM5573498_sample33.csv.gz	GSM5573498	sample33	13237953	26571	5823	5824	|AAACCTGAGCTCAACT_37|AAACCTGAGGCATGTG_37|AAACCTGAGGGATCTG_37|AAACCTGAGTAGGCCA_37|AAACCTGCACCAGTTA_37	AL627309.1|AL669831.5|FAM87B|LINC00115|FAM41C	37|37|37|37|37	0	0	0	13	MT-ND1|MT-ND2|MT-CO1|MT-CO2|MT-ATP8|MT-ATP6|MT-CO3|MT-ND3	10	HBEGF|HBB|HBD|HBZ|HBA2|HBA1|HBQ1|HBM	4c6f6f498a174a0d0dfa4d1272802c937ec779e2b33ef4a6d2d974ec93719ec3	nonnegative_integer_count_like	enter_full_F1_candidate	12.43
GSM5573499_sample34.csv.gz	GSM5573499	sample34	29015789	26571	12463	12464	|AAACCTGAGAAGGACA_38|AAACCTGAGCGGATCA_38|AAACCTGAGGATTCGG_38|AAACCTGAGGCGATAC_38|AAACCTGAGGCTAGCA_38	AL627309.1|AL669831.5|FAM87B|LINC00115|FAM41C	38|38|38|38|38	0	0	0	13	MT-ND1|MT-ND2|MT-CO1|MT-CO2|MT-ATP8|MT-ATP6|MT-CO3|MT-ND3	10	HBEGF|HBB|HBD|HBZ|HBA2|HBA1|HBQ1|HBM	4c6f6f498a174a0d0dfa4d1272802c937ec779e2b33ef4a6d2d974ec93719ec3	nonnegative_integer_count_like	enter_full_F1_candidate	27.1
GSM5573500_sample35.csv.gz	GSM5573500	sample35	11186282	26571	8388	8389	|AAACCCAAGAAGTATC_32|AAACCCACAACCGCTG_32|AAACCCACAAGCGAAC_32|AAACCCACAAGGCCTC_32|AAACCCACACAAATGA_32	AL627309.1|AL669831.5|FAM87B|LINC00115|FAM41C	32|32|32|32|32	0	0	0	13	MT-ND1|MT-ND2|MT-CO1|MT-CO2|MT-ATP8|MT-ATP6|MT-CO3|MT-ND3	10	HBEGF|HBB|HBD|HBZ|HBA2|HBA1|HBQ1|HBM	4c6f6f498a174a0d0dfa4d1272802c937ec779e2b33ef4a6d2d974ec93719ec3	nonnegative_integer_count_like	enter_full_F1_candidate	17.89
GSM5573501_sample36.csv.gz	GSM5573501	sample36	7580396	26571	3363	3364	|AAACCCACAGTGTGCC_33|AAACCCACATAGATGA_33|AAACCCATCACGGGAA_33|AAACGAAAGAGCAGCT_33|AAACGAAAGGTCACCC_33	AL627309.1|AL669831.5|FAM87B|LINC00115|FAM41C	33|33|33|33|33	0	0	0	13	MT-ND1|MT-ND2|MT-CO1|MT-CO2|MT-ATP8|MT-ATP6|MT-CO3|MT-ND3	10	HBEGF|HBB|HBD|HBZ|HBA2|HBA1|HBQ1|HBM	4c6f6f498a174a0d0dfa4d1272802c937ec779e2b33ef4a6d2d974ec93719ec3	nonnegative_integer_count_like	enter_full_F1_candidate	7.32
GSM5573502_sample37.csv.gz	GSM5573502	sample37	821126	26571	186	187	|AAAGGTAGTGCACAAG_34|AAAGTGAAGTAGCCAG_34|AACAACCGTTAAGAAC_34|AACCATGAGTCTCCTC_34|AACTTCTGTGCATTAC_34	AL627309.1|AL669831.5|FAM87B|LINC00115|FAM41C	34|34|34|34|34	0	0	0	13	MT-ND1|MT-ND2|MT-CO1|MT-CO2|MT-ATP8|MT-ATP6|MT-CO3|MT-ND3	10	HBEGF|HBB|HBD|HBZ|HBA2|HBA1|HBQ1|HBM	4c6f6f498a174a0d0dfa4d1272802c937ec779e2b33ef4a6d2d974ec93719ec3	nonnegative_integer_count_like	enter_full_F1_candidate	0.42
GSM5573503_sample38.csv.gz	GSM5573503	sample38	5218592	26571	1677	1678	|AAACCCAGTAACGGTG_35|AAACGAACATGTTCGA_35|AAACGCTAGAGAGCAA_35|AAAGAACAGTTAGTGA_35|AAAGAACGTGTTCGAT_35	AL627309.1|AL669831.5|FAM87B|LINC00115|FAM41C	35|35|35|35|35	0	0	0	13	MT-ND1|MT-ND2|MT-CO1|MT-CO2|MT-ATP8|MT-ATP6|MT-CO3|MT-ND3	10	HBEGF|HBB|HBD|HBZ|HBA2|HBA1|HBQ1|HBM	4c6f6f498a174a0d0dfa4d1272802c937ec779e2b33ef4a6d2d974ec93719ec3	nonnegative_integer_count_like	enter_full_F1_candidate	3.9
GSM5573504_sample39.csv.gz	GSM5573504	sample39	10480799	26571	5369	5370	|AAACCTGAGACGCAAC.1_39|AAACCTGAGTATTGGA.1_39|AAACCTGCACGGTAGA.1_39|AAACCTGCAGGTGCCT.1_39|AAACCTGCATGCAATC.1_39	AL627309.1|AL669831.5|FAM87B|LINC00115|FAM41C	39|39|39|39|39	0	0	0	13	MT-ND1|MT-ND2|MT-CO1|MT-CO2|MT-ATP8|MT-ATP6|MT-CO3|MT-ND3	10	HBEGF|HBB|HBD|HBZ|HBA2|HBA1|HBQ1|HBM	4c6f6f498a174a0d0dfa4d1272802c937ec779e2b33ef4a6d2d974ec93719ec3	nonnegative_integer_count_like	enter_full_F1_candidate	11.74
GSM5573505_sample40.csv.gz	GSM5573505	sample40	10657195	26571	5077	5078	|AAACCCAAGGCCTTCG.1_40|AAACCCAGTACATACC.1_40|AAACCCAGTCCGATCG.1_40|AAACCCAGTGAATAAC.1_40|AAACCCAGTTGTAAAG.1_40	AL627309.1|AL669831.5|FAM87B|LINC00115|FAM41C	40|40|40|40|40	0	0	0	13	MT-ND1|MT-ND2|MT-CO1|MT-CO2|MT-ATP8|MT-ATP6|MT-CO3|MT-ND3	10	HBEGF|HBB|HBD|HBZ|HBA2|HBA1|HBQ1|HBM	4c6f6f498a174a0d0dfa4d1272802c937ec779e2b33ef4a6d2d974ec93719ec3	nonnegative_integer_count_like	enter_full_F1_candidate	10.57
