resource_name	resource_type	planned_F_sections	current_availability_status	source_url_or_database	version_or_release_if_known	license_or_login_requirement	local_manifest_if_any	sha256_if_file	large_or_unstable_download_risk	next_required_audit_step	note
allTFs_hg38.txt	SCENIC_hg38_v10	F3	project_local_available	https://resources.aertslab.org/cistarget/tf_lists/allTFs_hg38.txt	hg38_v10	public_resource_verify_terms_before_publication	data/metadata/preupload_resources_manifest.tsv	3953034F84112C60D3D8EF15B0E0C8AC5FCE0B40D2C7C0824C2945C70CEE2523	no	section_specific_compatibility_check	F3.3 pySCENIC resource already present
motifs-v10nr_clust-nr.hgnc-m0.001-o0.0.tbl	SCENIC_hg38_v10	F3	project_local_available	https://resources.aertslab.org/cistarget/motif2tf/motifs-v10nr_clust-nr.hgnc-m0.001-o0.0.tbl	hg38_v10	public_resource_verify_terms_before_publication	data/metadata/preupload_resources_manifest.tsv	81EB754118E27E854974301B1400FCF519489F8BE5249239671FB288CB501C31	no	section_specific_compatibility_check	F3.3 pySCENIC resource already present
hg38_10kbp_up_10kbp_down_full_tx_v10_clust.genes_vs_motifs.rankings.feather	SCENIC_hg38_v10	F3	project_local_available	https://resources.aertslab.org/cistarget/databases/homo_sapiens/hg38/refseq_r80/mc_v10_clust/gene_based/hg38_10kbp_up_10kbp_down_full_tx_v10_clust.genes_vs_motifs.rankings.feather	hg38_v10	public_resource_verify_terms_before_publication	data/metadata/preupload_resources_manifest.tsv	9C4026A3A8E25FE07CF96749644E2CA028B787410829B30B9932574DC6E78BDB	yes	section_specific_compatibility_check	F3.3 pySCENIC resource already present
hg38_500bp_up_100bp_down_full_tx_v10_clust.genes_vs_motifs.rankings.feather	SCENIC_hg38_v10	F3	project_local_available	https://resources.aertslab.org/cistarget/databases/homo_sapiens/hg38/refseq_r80/mc_v10_clust/gene_based/hg38_500bp_up_100bp_down_full_tx_v10_clust.genes_vs_motifs.rankings.feather	hg38_v10	public_resource_verify_terms_before_publication	data/metadata/preupload_resources_manifest.tsv	50BD3A2E0DA17BF74AD31B1A2F284EBBACFAD700A07A540A7A1D3DB5E185EAAC	yes	section_specific_compatibility_check	F3.3 pySCENIC resource already present
MSigDB_GOBP_FERROPTOSIS	external_database	F2,F3	not_yet_audited	MSigDB_GOBP_FERROPTOSIS		requires_section_specific_audit			unknown	audit when section starts; do not use in F0	Version and license audit before enrichment/scoring.
Reactome	external_database	F3,F7	not_yet_audited	Reactome		requires_section_specific_audit			unknown	audit when section starts; do not use in F0	Version audit before pathway interpretation.
KEGG	external_database	F3,F7	not_yet_audited	KEGG		requires_section_specific_audit			unknown	audit when section starts; do not use in F0	Access and license constraints must be checked before use.
JASPAR/DoRothEA	external_database	F3,F8	not_yet_audited	JASPAR/DoRothEA		requires_section_specific_audit			unknown	audit when section starts; do not use in F0	Use only after GRN method-plan approval.
TIDE/IPS/SubMap	web_or_API_resource	F6	not_yet_audited	TIDE/IPS/SubMap		requires_section_specific_audit			unknown	audit when section starts; do not use in F0	Prepare only after final gene/signature inputs are frozen.
