epithelial_cluster	cell_count	include_in_malignancy	contamination_status	epithelial_subtype	state_label	subtype_confidence	ambient_median	ambient_p90	top_marker_count_retention	DoubletFinder_doublet_fraction	dominant_source	key_evidence	review_reason	review_status	approval_date	approval_basis
1	4206	TRUE	retain_raw_main_ambient_high_tail	Chief_epithelial	ribosomal_high_low_information	medium	0.004	0.682	0.969	0.025	source_c3_77.6pct	广义上皮marker保留；chief panel在raw/corrected均占优；跨39个样本；仅污染高值长尾	保留进入F1.6；亚型按chief-like暂定，后续CNV判定不依赖该亚型本身	researcher_approved	2026-07-30	explicit_user_approval_in_codex_thread
2	3191	TRUE	no_major_non_epithelial_conflict	Pit_mucous_epithelial	chromatin_or_stress_like	medium	0.010	0.269	0.961	0.015	source_c9_82.5pct	MUC5AC/TFF1与原pit-like来源支持；无成套非上皮marker	保留；状态与谱系分开记录	researcher_approved	2026-07-30	explicit_user_approval_in_codex_thread
3	2733	TRUE	no_major_non_epithelial_conflict	Intestinal_like_epithelial	CEACAM_S100P_high	high	0.002	0.056	0.995	0.061	source_c3_94.0pct	CEACAM5/CEACAM6/S100P/TSPAN8/KRT19成套表达；广义上皮marker清楚	保留；intestinal-like不能单独证明恶性	researcher_approved	2026-07-30	explicit_user_approval_in_codex_thread
4	2180	TRUE	no_major_non_epithelial_conflict	Intestinal_like_epithelial	cycling	medium	0.002	0.045	0.994	0.066	source_c3_83.1pct	UBE2C/TOP2A/MKI67等增殖程序强；仍保留上皮marker且跨39个样本	保留；记为cycling epithelial，不以细胞周期判定恶性	researcher_approved	2026-07-30	explicit_user_approval_in_codex_thread
5	2017	TRUE	no_major_non_epithelial_conflict	Pit_mucous_epithelial	pit_mucous	high	0.006	0.153	0.981	0.013	source_c9_72.6pct	MUC5AC/TFF1/GKN1/GKN2/CAPN8成套表达	保留	researcher_approved	2026-07-30	explicit_user_approval_in_codex_thread
6	1607	TRUE	no_major_non_epithelial_conflict	Chief_epithelial	metallothionein_high	high	0.003	0.239	0.986	0.037	source_c19_84.4pct	LIPF/PGA3/PGA4/PGA5/PGC与MT1G/MT1H/MT2A并存	保留；金属硫蛋白高表达作为状态，不解释为线粒体编码基因升高	researcher_approved	2026-07-30	explicit_user_approval_in_codex_thread
7	1607	TRUE	no_major_non_epithelial_conflict	Mucous_neck_epithelial	mucous_neck_chief_transition	medium	0.003	0.411	0.939	0.054	source_c3_52.7pct_and_c16_38.0pct	MUC6显著并伴部分chief程序；raw/corrected方向一致	保留；允许neck-chief过渡解释	researcher_approved	2026-07-30	explicit_user_approval_in_codex_thread
8	1437	TRUE	no_major_non_epithelial_conflict	Intestinal_like_epithelial	tumor_or_regenerative_like	medium	0.002	0.050	0.993	0.067	source_c3_85.9pct	S100P/AKR1B10/GPRC5A/CLDN18及广义上皮marker；无成套非上皮冲突	保留；肿瘤样转录不能替代CNV证据	researcher_approved	2026-07-30	explicit_user_approval_in_codex_thread
9	1396	TRUE	no_major_non_epithelial_conflict	Enteroendocrine_epithelial	enteroendocrine	high	0.004	0.251	0.991	0.052	source_c21_76.3pct	CHGA/CHGB/GHRL/NEUROD1/INSM1成套表达	保留	researcher_approved	2026-07-30	explicit_user_approval_in_codex_thread
10	1190	TRUE	no_major_non_epithelial_conflict	Chief_epithelial	immediate_early_stress	medium	0.005	0.374	0.940	0.049	mixed_source_c9_49.0pct	EGR1/FOS/JUN/ATF3应激强；chief marker在raw/corrected均保留	保留；亚型置信中等，主要记录为应激状态	researcher_approved	2026-07-30	explicit_user_approval_in_codex_thread
11	1075	TRUE	no_major_non_epithelial_conflict	Mucous_neck_epithelial	inflammatory_CXCL_high	medium	0.003	0.119	0.984	0.068	source_c16_78.7pct	MUC6/TFF2背景并伴CXCL1/CXCL2/CXCL3/CXCL8炎症程序；非上皮冲突不成套	保留；炎症状态不直接解释为恶性	researcher_approved	2026-07-30	explicit_user_approval_in_codex_thread
12	824	TRUE	no_major_non_epithelial_conflict	Intestinal_like_epithelial	mitochondrial_ribosomal_high	low	0.008	0.216	0.964	0.033	source_c3_71.5pct	广义上皮及S100P/CLDN4仍可见；主要marker为MT编码和核糖体基因	保留但亚型低置信；后续不能把高MT状态当作MLMOD或恶性证据	researcher_approved	2026-07-30	explicit_user_approval_in_codex_thread
13	814	FALSE	exclude_immune_mixed_or_doublet_suspect	not_applicable_contamination	immune_mixed	high	0.277	0.909	0.560	0.106	mixed_sources	PTPRC/TYROBP/LST1/CD37/CORO1A等免疫marker成套；广义上皮弱；DoubletFinder阳性比例为19簇最高	排除出F1.6恶性判定；保留在F1.5对象和记录中	researcher_approved	2026-07-30	explicit_user_approval_in_codex_thread
14	709	TRUE	no_major_non_epithelial_conflict	Chief_epithelial	heat_shock_high	low	0.005	0.291	0.925	0.056	mixed_sources	HSPA6/HSPA1A/HSPH1/DNAJB1热休克程序强；仍有上皮及chief背景	保留但亚型低置信；主要解释为状态簇	researcher_approved	2026-07-30	explicit_user_approval_in_codex_thread
15	701	TRUE	no_major_non_epithelial_conflict	Intestinal_like_epithelial	interferon_DUOX2_high	high	0.003	0.118	0.985	0.023	source_c3_78.6pct	DUOX2/CEACAM5/S100P并伴TFF1/GKN1/GKN2；上皮身份清楚	保留；兼具pit与intestinal-like特征，按intestinal-like登记	researcher_approved	2026-07-30	explicit_user_approval_in_codex_thread
16	371	FALSE	exclude_plasma_mixed_or_ambient_dominant	not_applicable_contamination	plasma_mixed	high	0.490	0.959	0.463	0.059	source_c9_78.7pct	MZB1/JCHAIN/IGHA1/IGHA2/PRDM1等浆细胞marker成套；广义上皮很弱；ambient污染极高	排除出F1.6恶性判定；保留在F1.5对象和记录中	researcher_approved	2026-07-30	explicit_user_approval_in_codex_thread
17	298	TRUE	no_major_non_epithelial_conflict	Parietal_epithelial	parietal	high	0.005	0.058	0.977	0.007	source_c3_94.0pct	ATP4A/ATP4B/GIF/CKM成套表达并形成独立小群	保留	researcher_approved	2026-07-30	explicit_user_approval_in_codex_thread
18	277	TRUE	no_major_non_epithelial_conflict	Pit_mucous_epithelial	pit_surface_mucous	high	0.005	0.059	0.988	0.014	source_c3_82.7pct	GKN1/GKN2/TFF1/TFF2/MUC5AC/CLDN18成套表达	保留	researcher_approved	2026-07-30	explicit_user_approval_in_codex_thread
19	188	TRUE	no_major_non_epithelial_conflict	Mucous_neck_epithelial	HLA_II_inflammatory	medium	0.007	0.322	0.955	0.069	source_c3_52.1pct_and_c16_42.6pct	HLA-DPA1/HLA-DPB1/CD74/HLA-DRA并伴MUC6/AQP5/MMP7；广义上皮marker保留	保留；HLA-II作为炎症状态，亚型按mucous-neck-like暂定	researcher_approved	2026-07-30	explicit_user_approval_in_codex_thread
