cluster	cell_count	sample_count	n_patients	dominant_sample_id	dominant_sample_fraction	dominant_patient_id	dominant_patient_fraction	Normal_Gastric_count	Normal_Gastric_fraction	Primary_Tumor_count	Primary_Tumor_fraction	Peritoneal_Metastasis_count	Peritoneal_Metastasis_fraction	Normal_Peritoneum_count	Normal_Peritoneum_fraction	top_markers	annotation_review_status	downstream_handling_before_full_approval	cell_type_major	cell_type_minor	cell_state	annotation_confidence	annotation_reason
1	18793	40	29	sample15	0.141169584419731	NGCII511	0.141169584419731	2568	0.136646623742883	15144	0.80583195870803	1052	0.0559782897887511	29	0.0015431277603363	GZMK,CD8B,CD8A,GZMH,CCL5,GZMA,SLA2,GZMM,CST7,NKG7,TRAT1,LAG3,GZMB,APOBEC3G,LINC01871,KLRD1,TUBA4A,PRF1,CD96,CD3G,CD7,PTPN22,CD3D,SYTL3,RNF125,CTSW,CD3E,SH2D2A,RUNX3,PDE3B	researcher_approved_annotation	保留在全细胞对象；不进入F1.5上皮主对象；不得仅凭单一状态或DoubletFinder-only标签自动删除。	T/NK	CD8_GZMK_cytotoxic_T	GZMK_high_cytotoxic_memory_like	high	CD3D/CD3E/CD3G与CD8A/CD8B成套表达，GZMK/CCL5/NKG7/GZMB提示细胞毒和效应记忆样程序；无上皮、B细胞或基质谱系冲突。
2	17539	40	29	sample34	0.152118136723873	NGCII541	0.152118136723873	2110	0.120303324020754	14464	0.824676435372598	960	0.0547351616397742	5	0.000285078966873824	TNFRSF4,CCR6,CTLA4,ICOS,BATF,CD28,LTB,TNFRSF25,IL7R,SPOCK2,CD5,TNFRSF18,TIGIT,RORA,ITK,FLT3LG,PBX4,KLRB1,CD6,PBXIP1,CD2,AQP3,TTC39C,SATB1,CAMK4,PIK3IP1,FCMR,GPRIN3,CD3D,CLEC2D	researcher_approved_annotation	保留在全细胞对象；不进入F1.5上皮主对象；不得仅凭单一状态或DoubletFinder-only标签自动删除。	T/NK	CCR6_IL7R_CD4_like_T	activated_costimulatory_checkpoint_high	medium	CD3D/CD3E/CD3G支持T细胞，IL7R/CCR6/KLRB1及CTLA4/TNFRSF4/TIGIT提示活化CD4样程序；FOXP3和IL2RA未形成marker证据，因此不命名为Treg。
3	13819	40	29	sample33	0.0810478326941168	NGCII538	0.0911064476445474	4391	0.317750922642738	9096	0.658224184094363	329	0.0238078008538968	3	0.000217092409002099	GKN2,TFF1,GKN1,TFF3,S100P,S100A14,AKR1B10,CEACAM5,REG4,GPX2,LGALS4,PLA2G10,TSPAN8,AGR3,PHGR1,ALDH3A1,PRSS3,GSTA1,AKR7A3,FXYD3,AGR2,RAB25,SPINK1,MAL2,CTSE,KRT8,TMEM45B,TSPAN1,C19orf33,KRT19	researcher_approved_annotation	保留为F1.5上皮候选；恶性身份等待F1.6；不得作为inferCNV或CopyKAT正常reference。	Epithelial	Gastric_or_intestinal_like_epithelial_malignancy_pending_CNV	mixed_gastric_and_intestinal_program	medium	GKN1/GKN2/TFF1胃表面-小凹程序与S100P/AKR1B10/CEACAM5/REG4/GPX2肠型或肿瘤候选程序并存；该cluster同时含正常胃和原发肿瘤来源细胞。组织来源和这些marker均不能单独证明恶性，需在F1.5细分并由F1.6 CNV联合判断。
4	10994	39	29	sample35	0.141713661997453	NGCII538	0.172730580316536	3277	0.298071675459341	7693	0.699745315626706	23	0.00209205020920502	1	9.09587047480444e-05	JCHAIN,IGKV4-1,TNFRSF17,IGKV1-5,IGLV3-1,DERL3,LINC02362,IGLV6-57,TXNDC5,AC104699.1,IGLL5,MZB1,IGKV3-20,CCR10,SPINK2,FCRL5,JSRP1,AC012236.1,IGLC2,IGLC3,IGHM,PNOC,IGKC,POU2AF1,IGHA2,LINC01480,IGHA1,SPAG4,CD79A,EAF2	researcher_approved_annotation	保留在全细胞对象；不进入F1.5上皮主对象；不得仅凭单一状态或DoubletFinder-only标签自动删除。	B/Plasma	JCHAIN_TNFRSF17_plasma	antibody_secreting	high	JCHAIN/TNFRSF17/MZB1/DERL3/IGKC及大量免疫球蛋白共同支持浆细胞；IGHM和IGHA并存，暂不按单一抗体亚型进一步细分。
5	8946	40	29	sample17	0.126760563380282	NGCII509	0.126760563380282	2308	0.257992398837469	5987	0.669237648110888	621	0.0694164989939638	30	0.00335345405767941	CCL11,AGT,DPT,TRPA1,APOD,CXCL14,PDGFRA,MFAP4,TCF21,POSTN,FENDRR,LUM,ADH1B,FIBIN,NEGR1,TMEM119,GFRA1,ABCA8,DCN,IGFBP5,TMEM100,SGCD,FBLN1,EMILIN1,SRPX2,MMP2,PLAT,PODN,ALDH1A3,CTSK	researcher_approved_annotation	保留在全细胞对象；不进入F1.5上皮主对象；不得仅凭单一状态或DoubletFinder-only标签自动删除。	Fibroblast/CAF	LUM_DCN_PDGFRA_fibroblast	CCL11_CXCL14_stromal_program	high	LUM/DCN/PDGFRA/DPT/MFAP4/TCF21为连贯成纤维细胞程序，CCL11/CXCL14/POSTN提示状态差异；缺少足够FAP/INHBA/CTHRC1证据，因此不直接命名为CAF亚型。
6	7482	40	29	sample40	0.101042502004812	NGCII545	0.101042502004812	1817	0.242849505479818	4845	0.647554129911788	818	0.109329056402032	2	0.000267308206361935	PLVAP,EMCN,TM4SF18,SOX18,VWF,CDH5,RAMP3,EXOC3L2,PCAT19,ECSCR,ARHGEF15,ACKR1,MYCT1,CXorf36,CLEC14A,MMRN2,ROBO4,CLDN5,CCL14,NOVA2,SOX17,APLNR,ADGRL4,FAM167B,F2RL3,SHANK3,CYYR1,BCL6B,RAMP2,TEK	researcher_approved_annotation	保留在全细胞对象；不进入F1.5上皮主对象；不得仅凭单一状态或DoubletFinder-only标签自动删除。	Endothelial/Pericyte	Vascular_endothelial	PLVAP_EMCN_high	high	VWF/CDH5/ENG/PLVAP/EMCN/CLDN5/TEK成套支持血管内皮细胞；即使DoubletFinder-only比例偏高，谱系marker仍连贯且跨样本存在。
7	6808	40	29	sample15	0.157608695652174	NGCII511	0.157608695652174	767	0.112661574618096	5594	0.821680376028202	440	0.0646298472385429	7	0.00102820211515864	GNLY,PRF1,KLRD1,GZMB,KLRC1,NKG7,CTSW,GZMA,HOPX,CLIC3,GZMH,MATK,CD247,IL2RB,SLA2,CST7,CCL5,CD7,LINC01871,SH2D2A,SYTL3,AOAH,SPN,TNFRSF18,APOBEC3G,TRBC1,BIN2,DOK2,GPR65,ARHGAP9	researcher_approved_annotation	保留在全细胞对象；不进入F1.5上皮主对象；不得仅凭单一状态或DoubletFinder-only标签自动删除。	T/NK	GNLY_NK_like_cytotoxic_lymphocyte	GNLY_GZMB_high_cytotoxic	medium	GNLY/NKG7/KLRD1/PRF1/GZMB强烈支持NK样细胞毒程序；同时CD3D/E及TRBC在部分细胞中表达，因此保留T/NK粗谱系，不把整个cluster写成纯NK。
8	6210	39	29	sample35	0.124476650563607	NGCII538	0.165056360708535	1952	0.314331723027375	4042	0.650885668276973	216	0.0347826086956522	0	0	IGHG4,IGHG1,IGHG3,IGLC3,IGKC,IGHA1,IGLC2,IGHA2,JSRP1,FCRL5,MZB1,IGLL5,DERL3,SPAG4,POU2AF1,TNFRSF17,SSR4,COBLL1,SDC1,CD79A,RAB30,FKBP11,PRDX4,ANKRD28,XBP1,SLAMF7,SEC11C,FKBP2,JCHAIN,PLPP5	researcher_approved_annotation	保留在全细胞对象；不进入F1.5上皮主对象；不得仅凭单一状态或DoubletFinder-only标签自动删除。	B/Plasma	IGHG_high_plasma	IGHG_high_antibody_secreting	high	IGHG1/IGHG3/IGHG4与MZB1/DERL3/JCHAIN/TNFRSF17/XBP1共同支持IGHG-high抗体分泌浆细胞。
9	6007	40	29	sample33	0.0767437989012819	NGCII538	0.11952721824538	1733	0.288496753787248	4126	0.686865323788913	145	0.0241385050774097	3	0.000499417346429166	HIST1H2AM,RASEF,ANKRD36C,CAPN8,CYP3A5,AC023157.3,ELF3,TMC5,ERN2,ABCC3,MICALL2,LIPH,EPS8L3,LAMA3,ARL14,EPS8L1,KLF5,SULT1C2,TRPM4,RND3,MUC5AC,LAMB3,FOXA3,SEMA3B,BAIAP2L1,LMO7,MLPH,EPS8L2,CLDN4,EPHA2	researcher_approved_annotation	保留为F1.5上皮候选；恶性身份等待F1.6；不得仅凭组织来源或亚型marker判定恶性。	Epithelial	Pit_surface_mucous_like_epithelial	MUC5AC_CYP3A5_CLDN4_high	high	EPCAM/KRT8/KRT18/KRT19/CDH1支持上皮，MUC5AC/TFF1/GKN1/GKN2支持胃表面-小凹样分化；CYP3A5/CLDN4升高作为状态记录，不能据此直接判断恶性。
10	5821	40	29	sample8	0.0828036419859131	NGCII520	0.0881291874248411	1224	0.210273148943481	4239	0.728225390826319	354	0.0608142930767909	4	0.000687167153410067	CCL4,CCL4L2,IFNG,XCL1,XCL2,TNFSF9,TNF,THEMIS,CD8A,GZMH,GZMK,KLRD1,CCL5,CD8B,NKG7,SCML4,TAGAP,GZMM,SLA,APOBEC3G,GZMB,CTSW,CD69,CCL3,NR4A2,CD3G,LAG3,CD96,PTGER4,PTPN22	researcher_approved_annotation	保留在全细胞对象；不进入F1.5上皮主对象；不得仅凭单一状态或DoubletFinder-only标签自动删除。	T/NK	IFNG_CCL4_CD8_cytotoxic_T	IFNG_CCL4_TNF_high_activated	high	CD3D/CD3E/CD3G与CD8A/CD8B支持CD8 T细胞，IFNG/CCL4/TNF/GZMB/NKG7提示活化细胞毒状态。
11	5790	40	29	sample17	0.199827288428325	NGCII509	0.199827288428325	762	0.13160621761658	4651	0.803281519861831	369	0.0637305699481865	8	0.00138169257340242	LILRB5,CCL18,C1QB,C1QC,C1QA,FOLR2,TREM2,SIGLEC1,MS4A4A,F13A1,PLA2G7,MSR1,VSIG4,FPR3,APOC1,MMP9,CD163,SDS,CSF1R,MS4A6A,MRC1,ADAMDEC1,GPNMB,FCGR1A,MS4A7,SPP1,CD14,CMKLR1,SLAMF8,LILRB4	researcher_approved_annotation	保留在全细胞对象；不进入F1.5上皮主对象；不得仅凭单一状态或DoubletFinder-only标签自动删除。	Myeloid	C1Q_FOLR2_TREM2_macrophage	C1Q_FOLR2_TREM2_TAM_like	high	C1QA/C1QB/C1QC、CD163/MRC1/CSF1R/MS4A7支持巨噬细胞，FOLR2/TREM2/CCL18/APOC1/SPP1提示肿瘤相关巨噬状态，但不进一步硬分亚型。
12	5088	39	29	sample34	0.136006289308176	NGCII541	0.136006289308176	431	0.0847091194968554	4586	0.901336477987421	71	0.0139544025157233	0	0	VPREB3,MS4A1,BANK1,SPIB,CXCR5,RUBCNL,FCRLA,CD19,BLK,TNFRSF13C,CD22,LY9,TNFRSF13B,HVCN1,CD79A,ARHGAP24,CD83,LY86,CD79B,CCR7,IRF8,NFKBID,POU2F2,RALGPS2,GNG7,CD40,BCAS4,LYN,CD37,HLA-DQA1	researcher_approved_annotation	保留在全细胞对象；不进入F1.5上皮主对象；不得仅凭单一状态或DoubletFinder-only标签自动删除。	B/Plasma	Conventional_B_cell	B_cell	high	MS4A1/CD19/CD79A/CD79B/CD22/BANK1成套支持常规B细胞；缺少MZB1/DERL3主导的浆细胞程序。
13	4841	40	29	sample17	0.169593059285272	NGCII509	0.169593059285272	478	0.0987399297665772	4074	0.841561660813881	239	0.0493699648832886	50	0.0103284445362528	S100A12,FCN1,CD300E,EREG,MCEMP1,AQP9,S100A8,S100A9,MIR3945HG,IL1A,CLEC4E,IL1B,IL1RN,LILRA5,OLR1,FPR1,G0S2,CSF3R,CXCL8,TREM1,SMIM25,SLC11A1,CCL3L1,C5AR1,CFP,NLRP3,TLR2,NCF2,BCL2A1,LILRB2	researcher_approved_annotation	保留在全细胞对象；不进入F1.5上皮主对象；不得仅凭单一状态或DoubletFinder-only标签自动删除。	Myeloid	FCN1_S100A8_A9_inflammatory_monocyte	inflammatory	high	FCN1/S100A8/S100A9/CD14/LYZ与IL1B/TREM1共同支持炎症性单核细胞，区别于c11的成熟C1Q巨噬细胞程序。
14	4598	37	27	sample39	0.137016093953893	NGCII543	0.137016093953893	362	0.0787298825576338	4230	0.919965202261853	3	0.000652457590256633	3	0.000652457590256633	IGLV2-14,IGLV6-57,IGHA2,IGKV1-5,IGKV3-11,IGKV4-1,IGLL5,SPINK2,IGHA1,LINC02362,IGLV3-1,JSRP1,MZB1,TNFRSF17,FCRL5,DERL3,JCHAIN,TXNDC5,IGKC,LINC01480,POU2AF1,CCR10,PNOC,IGLC2,CPNE5,CD79A,SPAG4,EAF2,GNG7,SDC1	researcher_approved_annotation	保留在全细胞对象；不进入F1.5上皮主对象；不得仅凭单一状态或DoubletFinder-only标签自动删除。	B/Plasma	IGHA_high_plasma	IGHA_high_antibody_secreting	high	IGHA1/IGHA2与MZB1/DERL3/JCHAIN/TNFRSF17/IGKC共同支持IGHA-high抗体分泌浆细胞。
15	3710	40	29	sample17	0.102964959568733	NGCII509	0.102964959568733	564	0.152021563342318	2719	0.73288409703504	425	0.11455525606469	2	0.000539083557951483	MYH11,EGFLAM,ENPEP,COX4I2,LGI4,HIGD1B,RGS5,NOTCH3,FAM162B,CNN1,ACTA2,TRPC6,FOXS1,ITGA7,CDH6,HEYL,CSPG4,FRZB,EDNRA,KCNJ8,TAGLN,LMOD1,EFHD1,STEAP4,GJC1,GUCY1A2,PDGFRB,HEY2,GUCY1B1,MYL9	researcher_approved_annotation	保留在全细胞对象；不进入F1.5上皮主对象；不得仅凭单一状态或DoubletFinder-only标签自动删除。	Endothelial/Pericyte	Pericyte_smooth_muscle_like	contractile	high	RGS5/NOTCH3/PDGFRB/CSPG4与MYH11/ACTA2/TAGLN/CNN1共同支持周细胞-平滑肌样收缩程序；内皮VWF/PECAM1并不主导。
16	3443	39	29	sample34	0.0851002033110659	NGCII538	0.0906186465291897	987	0.286668602962533	2413	0.700842288701714	42	0.0121986639558525	1	0.000290444379901249	PRR4,BPIFB1,C6orf58,AQP5,REG3A,LTF,MUC6,MIA,LYZ,AC020656.1,MSMB,REG1A,C16orf89,ZG16B,FUT9,FAM3D,LCN2,TFF2,PGC,WFDC2,ADH1C,SLC9A4,CXCL17,SPDEF,PIGR,FMOD,ANKRD22,GOLM1,PPP1R1B,EPHB3	researcher_approved_annotation	保留为F1.5上皮候选；恶性身份等待F1.6；不得仅凭组织来源或亚型marker判定恶性。	Epithelial	Mucous_neck_chief_like_epithelial	MUC6_TFF2_glandular_secretory	medium	EPCAM/KRT8/KRT18/KRT19支持上皮，MUC6/TFF2与PGC/LIPF/PGA3共同提示黏液颈细胞-主细胞样腺体分泌程序；两种分化程序并存，暂不强行拆成单一胃上皮亚型。
17	2703	39	29	sample18	0.132075471698113	NGCII498	0.132075471698113	346	0.128005919348872	2349	0.869034406215316	5	0.00184979652238254	3	0.00110987791342952	CPA3,TPSAB1,GCSAML,MS4A2,TPSB2,SIGLEC6,HPGDS,AL157895.1,TPSD1,KIT,SLC18A2,GATA2,RHEX,RGS13,NTRK1,LTC4S,VWA5A,IL1RL1,MAOB,HDC,SLC45A3,GMPR,P2RX1,ARMH1,ALOX5,MITF,CNRIP1,GALC,BTK,SLC26A2	researcher_approved_annotation	保留在全细胞对象；不进入F1.5上皮主对象；不得仅凭单一状态或DoubletFinder-only标签自动删除。	Mast	Mast_cell	mast_cell	high	CPA3/TPSAB1/TPSB2/MS4A2/KIT/HDC为成套肥大细胞marker，谱系清楚且跨样本存在。
18	2369	40	29	sample28	0.148585901224145	NGCII531	0.148585901224145	361	0.152384972562263	1752	0.739552553820177	255	0.107640354579992	1	0.000422119037568594	HSPA6,JUN,HSPA1B,FOS,DUSP1,FOSB,DNAJB1,NR4A1,IER2,HSPA1A,BTG2,HSP90AA1,UBC,HSPH1,PPP1R15A,UBB,HSP90AB1,JUNB,EGR1,HSPA8,GADD45B,DNAJA1,H3F3B,NFKBIA,TSC22D3,CITED2,CD69,MZB1,MALAT1,BRD2	researcher_approved_annotation	保留在全细胞对象；当前证据不纳入F1.5上皮主对象；不得仅因stress-high删除，研究者批准后冻结B/Plasma粗谱系。	B/Plasma	B_or_plasma_like_stress_high	stress_high_likely_dissociation_associated	medium	HSPA6/JUN/FOS/DUSP1/HSPA1A-B提示强应激或解离相关状态；MZB1/IGKC/DERL3/CD79A仍提供B/浆细胞谱系证据。应激是cell_state而不是细胞类型，也不能仅凭应激自动删除真实细胞。
19	2117	39	29	sample35	0.168162494095418	NGCII538	0.184222957014643	882	0.416627302786963	1180	0.557392536608408	55	0.0259801606046292	0	0	MT1H,MT1G,PGA5,PGA4,MT1M,PGC,MT1X,LIPF,MT1F,AZGP1,MT2A,NBPF12,MT1E,PGA3,CXCL17,PDIA2,REG1A,C16orf89,KCNE2,AKR7A3,CRNDE,CA9,FAM3B,TCEA3,SPINK1,TMEM97,KLK11,GPRC5C,PRR15L,PSCA	researcher_approved_annotation	保留为F1.5上皮候选；记录metallothionein-high状态；不得把MT1家族或MT2A解释为线粒体编码基因。	Epithelial	Chief_like_epithelial	metallothionein_high	medium	EPCAM/KRT8/KRT18/KRT19及PGA3/PGA4/PGA5/PGC/LIPF支持胃主细胞样上皮；MT1G/MT1H/MT1X/MT2A为金属硫蛋白和泛氧化应激应答，不是MT-CO/MT-ND等线粒体编码基因，不能据此推断线粒体转录本升高。
20	1754	40	29	sample34	0.100342075256556	NGCII541	0.100342075256556	206	0.117445838084379	1474	0.84036488027366	72	0.0410490307867731	2	0.00114025085518814	CD1E,CD1C,FCER1A,IDO1,PLD4,LAMP3,CLEC10A,CSF2RA,LGALS2,HLA-DQB1,CPVL,HLA-DPB1,HLA-DQA1,CFP,HLA-DRA,HLA-DPA1,PKIB,HLA-DQA2,CD86,HLA-DRB1,CLEC4A,CIITA,RNASE6,HLA-DOA,SPI1,CD74,IFI30,CALHM6,HCK,LST1	researcher_approved_annotation	保留在全细胞对象；不进入F1.5上皮主对象；不得仅凭单一状态或DoubletFinder-only标签自动删除。	Myeloid	CD1C_FCER1A_dendritic_cell	antigen_presentation_LAMP3_IDO1	high	CD1C/FCER1A/CD1E/CLEC10A与HLA-DP/DQ/DR共同支持树突细胞，LAMP3/IDO1/CD86提示抗原呈递和成熟/活化状态。
21	1442	35	26	sample25	0.152565880721221	NGCII512	0.161581137309293	749	0.519417475728155	684	0.474341192787795	9	0.00624133148404993	0	0	NEUROD1,GHRL,MIR7-3HG,CHGA,MBOAT4,CHGB,GC,SCGN,RFX6,SCG3,ABCC8,PCSK1,TTR,CAMK2B,CELF3,VWA5B2,FEV,CRYBA2,INSM1,BEX1,FGF14,MS4A8,HEPACAM2,RIMBP2,VSTM2L,PTPRN,SNAP25,SYT4,SCG5,PCSK1N	researcher_approved_annotation	保留为F1.5上皮候选；恶性身份等待F1.6；不得仅凭组织来源或亚型marker判定恶性。	Epithelial	Enteroendocrine_epithelial	neuroendocrine_secretory	high	EPCAM/KRT8/KRT18/KRT19支持上皮背景，CHGA/CHGB/NEUROD1/INSM1/PCSK1/SYP/GHRL为连贯神经内分泌程序，支持胃肠内分泌上皮。
22	1273	37	28	sample17	0.230164964650432	NGCII538	0.311861743912019	353	0.277297721916732	734	0.576590730557738	172	0.135113904163394	14	0.0109976433621367	UPK3B,HP,PRG4,SLPI,ANXA8L1,TGM1,SPRR2F,CALB2,AC245041.2,BNC1,ANXA8,LRRN4,CPA4,ITLN1,DSC3,BCHE,ALDH1A2,RARRES1,OGN,GAS1,SBSPON,CXCL6,FRAS1,CFB,CLDN1,HAS1,CDON,VTN,UPK1B,MGARP	researcher_approved_annotation	保留在全细胞对象并作为Mesothelial独立粗谱系；不进入F1.5上皮主对象；复核DoubletFinder-only富集，但不因其单独删群。	Mesothelial	Mesothelial	mesothelial_ECM_program	medium	UPK3B/LRRN4/MSLN/WT1/PRG4/CALB2/ITLN1形成连贯间皮细胞程序，同时出现角蛋白和ECM基因符合间皮特征而非必然双细胞。DoubletFinder-only为16.3%，但该群跨28位患者且marker内部一致，因此保留为Mesothelial并维持中等置信，不自动删除。
23	628	39	29	sample14	0.0764331210191083	NGCII502	0.0764331210191083	103	0.164012738853503	496	0.789808917197452	29	0.0461783439490446	0	0	CCL20,KLRB1,CCR6,IL7R,CD69,SPOCK2,LTB,S100A4,CD3D,CD2,CD3E,TNF,RORA,HSPA8,TNFAIP3,SRGN,RPLP1,TNFRSF25,CD52,B2M,CD6,ICOS,BTG1,IL32,TPT1,DNAJB1,DNAJA1,EEF1A1,GPR65,BATF	researcher_approved_annotation	保留在全细胞对象；不进入F1.5上皮主对象；不得仅凭单一状态或DoubletFinder-only标签自动删除。	T/NK	CCR6_KLRB1_CCL20_CD4_like_T	Th17_like_CCL20_high	medium	CD3D/CD3E/CD3G支持T细胞，CCR6/KLRB1/IL7R/RORA与CCL20高表达提示Th17-like CD4样状态；缺少更完整细胞因子证据，故只作like注释。
24	475	38	29	sample27	0.216842105263158	NGCII510	0.216842105263158	50	0.105263157894737	412	0.867368421052632	13	0.0273684210526316	0	0	RRM2,TYMS,PCLAF,CCNA2,AURKB,CDT1,BIRC5,UHRF1,CDCA5,CDK1,PKMYT1,ZWINT,GTSE1,UBE2C,TOP2A,CLSPN,CENPM,TK1,MKI67,NUSAP1,KIFC1,ASF1B,NCAPH,CCNB2,MAD2L1,UBE2T,GINS2,TPX2,STMN1,CENPU	researcher_approved_annotation	保留在全细胞对象；不进入F1.5上皮主对象；不得仅凭单一状态或DoubletFinder-only标签自动删除。	T/NK	Cycling_T_cell	cycling	medium	MKI67/TOP2A/CDK1/UBE2C等细胞周期基因主导，CD3D/CD3E/CD3G及TRBC1/2仍支持T细胞母谱系；因此命名为Cycling T而不是独立细胞类型。
