epithelial_cluster	panel	raw_panel_counts	corrected_panel_counts	raw_total_counts	corrected_total_counts	raw_panel_fraction	corrected_panel_fraction	panel_count_retention
1	Epithelial	269944	268082.033226417	39409148	36850580.266642	0.00684978015764259	0.00727483885699058	0.993102396150377
1	Intestinal_like_epithelial	122980	122709.549319042	39409148	36850580.266642	0.00312059524859558	0.00332992176598428	0.997800856391625
1	Chief_epithelial	3085207	2208266.44606188	39409148	36850580.266642	0.0782865694026169	0.0599248758115448	0.715759573364732
1	Pit_mucous_epithelial	385675	383812.71461077	39409148	36850580.266642	0.00978643334283705	0.0104153777724419	0.995171360888753
1	Enteroendocrine_epithelial	3599	3082.71746469278	39409148	36850580.266642	9.13239738144047e-05	8.36545162216437e-05	0.856548336952705
1	Parietal_epithelial	1803	1599.67465482252	39409148	36850580.266642	4.57507987739294e-05	4.34097548328317e-05	0.8872294258583
1	Mucous_neck_epithelial	296309	284582.589326978	39409148	36850580.266642	0.00751878726228743	0.00772260809104786	0.96042506075407
2	Epithelial	52757	51598.7654039312	7409465	6846901.10052283	0.00712021718167236	0.00753607575841734	0.978045859391761
2	Intestinal_like_epithelial	5994	5864.85082949694	7409465	6846901.10052283	0.000808965289666663	0.000856570110096829	0.978453591841331
2	Chief_epithelial	93580	60961.6179852738	7409465	6846901.10052283	0.012629791759594	0.00890353418141512	0.651438533717395
2	Pit_mucous_epithelial	135138	132992.009760616	7409465	6846901.10052283	0.0182385637829452	0.0194236790933727	0.984120008884367
2	Enteroendocrine_epithelial	679	355.243549169116	7409465	6846901.10052283	9.16395448254361e-05	5.18838440856096e-05	0.523186375801349
2	Parietal_epithelial	671	575.50551965423	7409465	6846901.10052283	9.05598447391276e-05	8.40534296033989e-05	0.857683337785738
2	Mucous_neck_epithelial	24577	23135.1717318658	7409465	6846901.10052283	0.00331697362765058	0.00337892593922514	0.941334244694869
3	Mucous_neck_epithelial	115160	115023.174456376	32492382	32039164.1641188	0.00354421537946956	0.00359008037373187	0.998811865720531
3	Epithelial	520018	518634.277349096	32492382	32039164.1641188	0.0160043052553057	0.0161875095958316	0.997339087010635
3	Chief_epithelial	102062	96181.3492907747	32492382	32039164.1641188	0.00314110550589981	0.00300199308565265	0.942381584632622
3	Pit_mucous_epithelial	902554	902082.184664985	32492382	32039164.1641188	0.0277774033310331	0.0281556091801934	0.999477244203655
3	Intestinal_like_epithelial	107944	107555.232589722	32492382	32039164.1641188	0.00332213255402451	0.00335699246206224	0.996398434278158
3	Enteroendocrine_epithelial	917	874.465165482093	32492382	32039164.1641188	2.822199985215e-05	2.72936322871188e-05	0.953615229533362
3	Parietal_epithelial	161	143.947388192275	32492382	32039164.1641188	4.95500760762938e-06	4.49285716240639e-06	0.89408315647376
4	Intestinal_like_epithelial	60486	60400.9198604866	33251700	32935026.4887529	0.00181903481626503	0.00183394174226983	0.998593391206007
4	Enteroendocrine_epithelial	545	531.801985638338	33251700	32935026.4887529	1.63901394515168e-05	1.61470034287036e-05	0.975783459886859
4	Parietal_epithelial	177	170.312290453617	33251700	32935026.4887529	5.32303611544673e-06	5.17115996587335e-06	0.962216330246424
4	Epithelial	258289	257594.13484875	33251700	32935026.4887529	0.00776769308035379	0.00782128215189737	0.997309737730798
4	Pit_mucous_epithelial	219761	218014.176270605	33251700	32935026.4887529	0.00660901547890785	0.00661952333164375	0.992051256913668
4	Mucous_neck_epithelial	89188	88689.828499537	33251700	32935026.4887529	0.00268220872917776	0.0026928725419372	0.994414366277269
4	Chief_epithelial	153144	147646.220188167	33251700	32935026.4887529	0.00460559911222584	0.0044829543476635	0.964100586298955
5	Epithelial	28625	28224.3117169539	4349995	4090256.82511297	0.0065804673338705	0.00690037641246997	0.98600215605079
5	Pit_mucous_epithelial	159858	158748.175830987	4349995	4090256.82511297	0.0367490077574802	0.0388112978276375	0.993057437419375
5	Mucous_neck_epithelial	20405	19783.4693000598	4349995	4090256.82511297	0.00469080998943677	0.00483673034382466	0.96954027444547
5	Chief_epithelial	64895	33408.432842608	4349995	4090256.82511297	0.0149184079521931	0.00816780810375771	0.5148075020049
5	Enteroendocrine_epithelial	933	843.651741193655	4349995	4090256.82511297	0.000214483005152879	0.000206258867661777	0.904235521107883
5	Parietal_epithelial	554	492.810085317269	4349995	4090256.82511297	0.000127356468225826	0.000120483897806016	0.889548890464385
5	Intestinal_like_epithelial	4212	4137.17160914115	4349995	4090256.82511297	0.000968276975031006	0.00101146988710834	0.982234475104737
6	Mucous_neck_epithelial	56592	55346.6494600389	20207022	19406707.2654595	0.00280061059962225	0.00285193406088761	0.977994229927179
6	Chief_epithelial	5353987	5281509.26274608	20207022	19406707.2654595	0.264956756121709	0.272148654096836	0.986462847733116
6	Pit_mucous_epithelial	153223	151665.072520747	20207022	19406707.2654595	0.00758266111651682	0.00781508529222184	0.989832287063608
6	Parietal_epithelial	5414	5091.15704210047	20207022	19406707.2654595	0.000267926664305111	0.000262340075132778	0.940368866291184
6	Epithelial	91664	89996.7832494099	20207022	19406707.2654595	0.00453624487566748	0.00463740613069319	0.981811651787069
6	Intestinal_like_epithelial	47843	47626.1415802347	20207022	19406707.2654595	0.00236764229781113	0.00245410727996092	0.995467290517623
6	Enteroendocrine_epithelial	1981	1627.29212741728	20207022	19406707.2654595	9.80352275560446e-05	8.3852046880388e-05	0.821449837161674
7	Intestinal_like_epithelial	17011	16881.7579610546	24323178	22719763.1786639	0.000699374070279797	0.000743042866613516	0.992402443187034
7	Parietal_epithelial	672	659.185703255891	24323178	22719763.1786639	2.76279686807374e-05	2.90137576730963e-05	0.980931106035551
7	Epithelial	100117	98153.3665657441	24323178	22719763.1786639	0.00411611508989491	0.00432017560191471	0.980386613319857
7	Pit_mucous_epithelial	54356	53195.785572177	24323178	22719763.1786639	0.00223474087144369	0.0023413882069921	0.978655264776234
7	Enteroendocrine_epithelial	1061	890.219839855581	24323178	22719763.1786639	4.36209445986047e-05	3.91826196802784e-05	0.839038491852574
7	Mucous_neck_epithelial	299074	291557.991194509	24323178	22719763.1786639	0.0122958439065816	0.0128327918254144	0.974869066500295
7	Chief_epithelial	2381312	1931864.87443774	24323178	22719763.1786639	0.0979029960640834	0.085030150149274	0.811260714445541
8	Epithelial	179155	178578.129974447	19817544	19526720.5578913	0.00904022213852534	0.00914532112266433	0.996780050651376
8	Mucous_neck_epithelial	103252	103013.862719028	19817544	19526720.5578913	0.00521013098293108	0.00527553320659353	0.997693630331888
8	Pit_mucous_epithelial	476490	475922.776230895	19817544	19526720.5578913	0.0240438472093212	0.0243728983993967	0.998809578859776
8	Enteroendocrine_epithelial	241	215.009304850712	19817544	19526720.5578913	1.216094184022e-05	1.1011029948079e-05	0.892154791911668
8	Parietal_epithelial	522	452.908823343569	19817544	19526720.5578913	2.63402972638789e-05	2.31943106883114e-05	0.867641424029825
8	Chief_epithelial	174716	171024.461275576	19817544	19526720.5578913	0.0088162286911032	0.00875848357477826	0.97887120398576
8	Intestinal_like_epithelial	51189	51128.0866474704	19817544	19526720.5578913	0.00258301432306647	0.00261836525472313	0.99881003042588
9	Mucous_neck_epithelial	3618	2851.48207656604	11874922	11271824.0570065	0.000304675685448713	0.000252974324487754	0.788137666270326
9	Chief_epithelial	65026	41471.8360607691	11874922	11271824.0570065	0.00547590965229077	0.0036792479949144	0.637773137833622
9	Pit_mucous_epithelial	11291	10401.5945863581	11874922	11271824.0570065	0.000950827298065621	0.000922796038489662	0.92122881820548
9	Parietal_epithelial	236	186.936599934587	11874922	11271824.0570065	1.98738147501095e-05	1.65844142872677e-05	0.792104237010961
9	Epithelial	53258	51815.9142669668	11874922	11271824.0570065	0.00448491366932768	0.00459694136502763	0.972922645742739
9	Enteroendocrine_epithelial	120432	119225.473231895	11874922	11271824.0570065	0.0101417087202762	0.0105773007659559	0.98998167623136
9	Intestinal_like_epithelial	14512	14293.0188213323	11874922	11271824.0570065	0.00122207118497284	0.00126803068864865	0.984910337743407
10	Epithelial	58201	56619.7275916449	12309120	11528769.5730954	0.00472828276919877	0.00491116829360333	0.972830837814555
10	Parietal_epithelial	233	230.003747994666	12309120	11528769.5730954	1.89290542297094e-05	1.99504159170137e-05	0.987140549333331
10	Intestinal_like_epithelial	7850	7738.2004420348	12309120	11528769.5730954	0.00063773852233141	0.000671207832975808	0.985758018093605
10	Chief_epithelial	1073156	1021195.17044551	12309120	11528769.5730954	0.0871838116778454	0.0885779843174819	0.951581289621925
10	Pit_mucous_epithelial	16792	16279.4679543441	12309120	11528769.5730954	0.00136419175375656	0.00141207332240687	0.969477605666037
10	Mucous_neck_epithelial	38581	37535.6740292053	12309120	11528769.5730954	0.00313434266625072	0.00325582654690245	0.972905679718132
10	Enteroendocrine_epithelial	3674	3526.72437776947	12309120	11528769.5730954	0.000298477876566318	0.000305906398372273	0.959914093023807
11	Pit_mucous_epithelial	37781	36168.3510447283	16357869	16015545.8453317	0.00230965292606268	0.00225832771446069	0.957315874241769
11	Epithelial	92784	91885.9738848776	16357869	16015545.8453317	0.00567213247642465	0.00573729892020266	0.990321325712165
11	Enteroendocrine_epithelial	1345	1312.34906299965	16357869	16015545.8453317	8.22234240902651e-05	8.1942200139384e-05	0.975724210408661
11	Mucous_neck_epithelial	85617	85007.9865432847	16357869	16015545.8453317	0.00523399472143957	0.00530784197830282	0.992886769488357
11	Intestinal_like_epithelial	11984	11868.2608199415	16357869	16015545.8453317	0.000732613765277127	0.000741046289309017	0.990342191250124
11	Chief_epithelial	755975	694167.669866952	16357869	16015545.8453317	0.0462147606146008	0.0433433662874059	0.918241568658953
11	Parietal_epithelial	334	321.027938800902	16357869	16015545.8453317	2.04183075436049e-05	2.0044770368815e-05	0.961161493415875
12	Pit_mucous_epithelial	55315	54975.7500156847	4055795	3865023.41657726	0.0136385098359261	0.0142239112394226	0.993866944150497
12	Chief_epithelial	127281	84563.9201304631	4055795	3865023.41657726	0.0313825033069965	0.0218792775660206	0.664387615830039
12	Mucous_neck_epithelial	19473	18736.7474522389	4055795	3865023.41657726	0.00480127817111072	0.00484777074619422	0.962191108316073
12	Epithelial	34039	33710.2264658644	4055795	3865023.41657726	0.00839268256901545	0.00872186862342921	0.99034126930475
12	Intestinal_like_epithelial	9812	9726.62262351158	4055795	3865023.41657726	0.00241925442484149	0.00251657534124985	0.991298677487931
12	Parietal_epithelial	44	39.8547440935365	4055795	3865023.41657726	1.08486745508587e-05	1.03116436300483e-05	0.905789638489466
12	Enteroendocrine_epithelial	542	461.67421601365	4055795	3865023.41657726	0.00013363594560376	0.000119449267508576	0.851797446519649
13	Chief_epithelial	105477	84066.5011654313	4784223	3292498.17086816	0.0220468402079084	0.0255327404307304	0.797012629913927
13	Parietal_epithelial	123	93.6674208955895	4784223	3292498.17086816	2.57095039257158e-05	2.84487389315364e-05	0.761523747118614
13	Epithelial	21593	18899.5294065191	4784223	3292498.17086816	0.00451337657128441	0.00574017916661005	0.87526186294258
13	Intestinal_like_epithelial	2261	2048.04176213507	4784223	3292498.17086816	0.000472595027447508	0.000622032771424454	0.905812367153945
13	Enteroendocrine_epithelial	1458	1390.45827408558	4784223	3292498.17086816	0.000304751680680437	0.000422311024008539	0.953675085106705
13	Mucous_neck_epithelial	6938	6429.87460320165	4784223	3292498.17086816	0.00145018323769607	0.00195288630988251	0.9267619779766
13	Pit_mucous_epithelial	22921	21919.2518015011	4784223	3292498.17086816	0.00479095560553929	0.00665733150452181	0.956295615440036
14	Epithelial	68163	66943.9439439858	9870554	9238808.4075462	0.00690569141306557	0.0072459500176783	0.982115575077179
14	Pit_mucous_epithelial	93499	91715.5903678105	9870554	9238808.4075462	0.00947251795593236	0.00992720990868236	0.980925896189376
14	Enteroendocrine_epithelial	3167	3145.79683875283	9870554	9238808.4075462	0.000320853317858349	0.000340498114040699	0.993304969609356
14	Mucous_neck_epithelial	55937	54260.9863309906	9870554	9238808.4075462	0.00566705779635064	0.00587315852190101	0.970037476643199
14	Intestinal_like_epithelial	16963	16899.4005732197	9870554	9238808.4075462	0.00171854588911625	0.00182917534683546	0.996250697000514
14	Chief_epithelial	565509	436796.097677006	9870554	9238808.4075462	0.0572925288692003	0.0472784019766265	0.772394599691616
14	Parietal_epithelial	892	815.410266651476	9870554	9238808.4075462	9.03698009250544e-05	8.82592462882393e-05	0.91413707023708
15	Pit_mucous_epithelial	167990	167605.12444717	3171193	3066508.01127577	0.0529737546721376	0.0546566726161724	0.997708937717542
15	Mucous_neck_epithelial	16122	16049.2666489002	3171193	3066508.01127577	0.00508389114128342	0.00523372728520059	0.995488565246261
15	Epithelial	34329	34164.3690967383	3171193	3066508.01127577	0.0108252635522341	0.0111411315317336	0.995204319867702
15	Chief_epithelial	16639	16002.4446920463	3171193	3066508.01127577	0.00524692126906183	0.00521845846585241	0.961743175193599
15	Parietal_epithelial	59	45.8147703948009	3171193	3066508.01127577	1.86049855685226e-05	1.4940371988704e-05	0.776521532115269
15	Intestinal_like_epithelial	13023	13002.7550280342	3171193	3066508.01127577	0.00410665639082831	0.00424024818465242	0.998445444831007
15	Enteroendocrine_epithelial	63	61.1748852376854	3171193	3066508.01127577	1.98663405223208e-05	1.99493642321301e-05	0.971029924407704
16	Chief_epithelial	31503	11237.614889974	1035402	568084.446573919	0.0304258635776249	0.0197815922575372	0.3567157061224
16	Parietal_epithelial	99	69.8676864496926	1035402	568084.446573919	9.56150364785851e-05	0.000122988205135804	0.705734206562552
16	Intestinal_like_epithelial	114	94.6812418803714	1035402	568084.446573919	0.000110102163217765	0.000166667548198843	0.830537209476942
16	Enteroendocrine_epithelial	121	67.3298661919703	1035402	568084.446573919	0.000116862822362715	0.000118520875897998	0.55644517514025
16	Mucous_neck_epithelial	981	747.728210393257	1035402	568084.446573919	0.000947458088742344	0.00131622721745465	0.762210204274472
16	Epithelial	1402	1171.00446675593	1035402	568084.446573919	0.00135406344588865	0.00206132111839742	0.835238564019922
16	Pit_mucous_epithelial	6471	5740.30407719124	1035402	568084.446573919	0.00624974647528206	0.0101046668533361	0.887081452200779
17	Mucous_neck_epithelial	1555	1504.35867937448	1866886	1749115.99907712	0.000832937844089034	0.000860067988725861	0.967433234324427
17	Epithelial	3259	3196.46496564567	1866886	1749115.99907712	0.00174568773883354	0.00182747454561744	0.980811588108519
17	Pit_mucous_epithelial	3348	3343.96134734438	1866886	1749115.99907712	0.00179336070868816	0.00191180078914649	0.998793711871082
17	Intestinal_like_epithelial	304	303.353694277311	1866886	1749115.99907712	0.000162838009391039	0.000173432576477128	0.99787399433326
17	Chief_epithelial	138311	104181.305804646	1866886	1749115.99907712	0.0740864734108028	0.0595622622282428	0.753239480624436
17	Enteroendocrine_epithelial	82	73.6444740117478	1866886	1749115.99907712	4.39234104278462e-05	4.21038250468262e-05	0.89810334160668
17	Parietal_epithelial	15940	15508.5140382797	1866886	1749115.99907712	0.00853828246609595	0.0088664868690598	0.972930617207008
18	Parietal_epithelial	7	6.66300748105226	1045073	1010672.9651193	6.69809668798256e-06	6.59264441714413e-06	0.951858211578894
18	Mucous_neck_epithelial	14853	14638.5032429018	1045073	1010672.9651193	0.0142124043009436	0.0144839169030052	0.985558691368868
18	Epithelial	8584	8525.09903419365	1045073	1010672.9651193	0.00821378028137747	0.00843507180701854	0.993138284505318
18	Intestinal_like_epithelial	2929	2924.61836720021	1045073	1010672.9651193	0.00280267502844299	0.00289373364890094	0.998504051621786
18	Chief_epithelial	7738	7618.41484113068	1045073	1010672.9651193	0.00740426745308701	0.00753796243103365	0.984545727724305
18	Pit_mucous_epithelial	109083	107956.201059571	1045073	1010672.9651193	0.104378354430743	0.106816155952908	0.989670260806644
18	Enteroendocrine_epithelial	5	2.75300811633816	1045073	1010672.9651193	4.7843547771304e-06	2.72393564619906e-06	0.550601623267632
19	Parietal_epithelial	33	28.8308079178524	2041138	1975734.24521941	1.61674516862652e-05	1.45924523946543e-05	0.873660845995526
19	Mucous_neck_epithelial	7007	6910.56259856277	2041138	1975734.24521941	0.00343288890805031	0.00349771869130878	0.986236991374735
19	Epithelial	21607	21538.4321146674	2041138	1975734.24521941	0.0105857614722767	0.0109014824067472	0.99682658928437
19	Intestinal_like_epithelial	1355	1338.55930885307	2041138	1975734.24521941	0.000663845364693617	0.000677499674914237	0.987866648600053
19	Chief_epithelial	47806	44959.9546384241	2041138	1975734.24521941	0.0234212483428362	0.0227560739746308	0.940466774848849
19	Pit_mucous_epithelial	6247	6203.1330975003	2041138	1975734.24521941	0.00306054759648784	0.00313965965438405	0.99297792500405
19	Enteroendocrine_epithelial	8	6.96147476577381	2041138	1975734.24521941	3.91938222697338e-06	3.52348742378595e-06	0.870184345721726
