cluster	cell_count	sample_count	top_markers	cell_type_major	cell_type_minor	cell_state	annotation_confidence	annotation_reason
1	18793	40	GZMK,CD8B,CD8A,GZMH,CCL5,GZMA,SLA2,GZMM,CST7,NKG7,TRAT1,LAG3,GZMB,APOBEC3G,LINC01871,KLRD1,TUBA4A,PRF1,CD96,CD3G,CD7,PTPN22,CD3D,SYTL3,RNF125,CTSW,CD3E,SH2D2A,RUNX3,PDE3B					
10	5821	40	CCL4,CCL4L2,IFNG,XCL1,XCL2,TNFSF9,TNF,THEMIS,CD8A,GZMH,GZMK,KLRD1,CCL5,CD8B,NKG7,SCML4,TAGAP,GZMM,SLA,APOBEC3G,GZMB,CTSW,CD69,CCL3,NR4A2,CD3G,LAG3,CD96,PTGER4,PTPN22					
11	5790	40	LILRB5,CCL18,C1QB,C1QC,C1QA,FOLR2,TREM2,SIGLEC1,MS4A4A,F13A1,PLA2G7,MSR1,VSIG4,FPR3,APOC1,MMP9,CD163,SDS,CSF1R,MS4A6A,MRC1,ADAMDEC1,GPNMB,FCGR1A,MS4A7,SPP1,CD14,CMKLR1,SLAMF8,LILRB4					
12	5088	39	VPREB3,MS4A1,BANK1,SPIB,CXCR5,RUBCNL,FCRLA,CD19,BLK,TNFRSF13C,CD22,LY9,TNFRSF13B,HVCN1,CD79A,ARHGAP24,CD83,LY86,CD79B,CCR7,IRF8,NFKBID,POU2F2,RALGPS2,GNG7,CD40,BCAS4,LYN,CD37,HLA-DQA1					
13	4841	40	S100A12,FCN1,CD300E,EREG,MCEMP1,AQP9,S100A8,S100A9,MIR3945HG,IL1A,CLEC4E,IL1B,IL1RN,LILRA5,OLR1,FPR1,G0S2,CSF3R,CXCL8,TREM1,SMIM25,SLC11A1,CCL3L1,C5AR1,CFP,NLRP3,TLR2,NCF2,BCL2A1,LILRB2					
14	4598	37	IGLV2-14,IGLV6-57,IGHA2,IGKV1-5,IGKV3-11,IGKV4-1,IGLL5,SPINK2,IGHA1,LINC02362,IGLV3-1,JSRP1,MZB1,TNFRSF17,FCRL5,DERL3,JCHAIN,TXNDC5,IGKC,LINC01480,POU2AF1,CCR10,PNOC,IGLC2,CPNE5,CD79A,SPAG4,EAF2,GNG7,SDC1					
15	3710	40	MYH11,EGFLAM,ENPEP,COX4I2,LGI4,HIGD1B,RGS5,NOTCH3,FAM162B,CNN1,ACTA2,TRPC6,FOXS1,ITGA7,CDH6,HEYL,CSPG4,FRZB,EDNRA,KCNJ8,TAGLN,LMOD1,EFHD1,STEAP4,GJC1,GUCY1A2,PDGFRB,HEY2,GUCY1B1,MYL9					
16	3443	39	PRR4,BPIFB1,C6orf58,AQP5,REG3A,LTF,MUC6,MIA,LYZ,AC020656.1,MSMB,REG1A,C16orf89,ZG16B,FUT9,FAM3D,LCN2,TFF2,PGC,WFDC2,ADH1C,SLC9A4,CXCL17,SPDEF,PIGR,FMOD,ANKRD22,GOLM1,PPP1R1B,EPHB3					
17	2703	39	CPA3,TPSAB1,GCSAML,MS4A2,TPSB2,SIGLEC6,HPGDS,AL157895.1,TPSD1,KIT,SLC18A2,GATA2,RHEX,RGS13,NTRK1,LTC4S,VWA5A,IL1RL1,MAOB,HDC,SLC45A3,GMPR,P2RX1,ARMH1,ALOX5,MITF,CNRIP1,GALC,BTK,SLC26A2					
18	2369	40	HSPA6,JUN,HSPA1B,FOS,DUSP1,FOSB,DNAJB1,NR4A1,IER2,HSPA1A,BTG2,HSP90AA1,UBC,HSPH1,PPP1R15A,UBB,HSP90AB1,JUNB,EGR1,HSPA8,GADD45B,DNAJA1,H3F3B,NFKBIA,TSC22D3,CITED2,CD69,MZB1,MALAT1,BRD2					
19	2117	39	MT1H,MT1G,PGA5,PGA4,MT1M,PGC,MT1X,LIPF,MT1F,AZGP1,MT2A,NBPF12,MT1E,PGA3,CXCL17,PDIA2,REG1A,C16orf89,KCNE2,AKR7A3,CRNDE,CA9,FAM3B,TCEA3,SPINK1,TMEM97,KLK11,GPRC5C,PRR15L,PSCA					
2	17539	40	TNFRSF4,CCR6,CTLA4,ICOS,BATF,CD28,LTB,TNFRSF25,IL7R,SPOCK2,CD5,TNFRSF18,TIGIT,RORA,ITK,FLT3LG,PBX4,KLRB1,CD6,PBXIP1,CD2,AQP3,TTC39C,SATB1,CAMK4,PIK3IP1,FCMR,GPRIN3,CD3D,CLEC2D					
20	1754	40	CD1E,CD1C,FCER1A,IDO1,PLD4,LAMP3,CLEC10A,CSF2RA,LGALS2,HLA-DQB1,CPVL,HLA-DPB1,HLA-DQA1,CFP,HLA-DRA,HLA-DPA1,PKIB,HLA-DQA2,CD86,HLA-DRB1,CLEC4A,CIITA,RNASE6,HLA-DOA,SPI1,CD74,IFI30,CALHM6,HCK,LST1					
21	1442	35	NEUROD1,GHRL,MIR7-3HG,CHGA,MBOAT4,CHGB,GC,SCGN,RFX6,SCG3,ABCC8,PCSK1,TTR,CAMK2B,CELF3,VWA5B2,FEV,CRYBA2,INSM1,BEX1,FGF14,MS4A8,HEPACAM2,RIMBP2,VSTM2L,PTPRN,SNAP25,SYT4,SCG5,PCSK1N					
22	1273	37	UPK3B,HP,PRG4,SLPI,ANXA8L1,TGM1,SPRR2F,CALB2,AC245041.2,BNC1,ANXA8,LRRN4,CPA4,ITLN1,DSC3,BCHE,ALDH1A2,RARRES1,OGN,GAS1,SBSPON,CXCL6,FRAS1,CFB,CLDN1,HAS1,CDON,VTN,UPK1B,MGARP					
23	628	39	CCL20,KLRB1,CCR6,IL7R,CD69,SPOCK2,LTB,S100A4,CD3D,CD2,CD3E,TNF,RORA,HSPA8,TNFAIP3,SRGN,RPLP1,TNFRSF25,CD52,B2M,CD6,ICOS,BTG1,IL32,TPT1,DNAJB1,DNAJA1,EEF1A1,GPR65,BATF					
24	475	38	RRM2,TYMS,PCLAF,CCNA2,AURKB,CDT1,BIRC5,UHRF1,CDCA5,CDK1,PKMYT1,ZWINT,GTSE1,UBE2C,TOP2A,CLSPN,CENPM,TK1,MKI67,NUSAP1,KIFC1,ASF1B,NCAPH,CCNB2,MAD2L1,UBE2T,GINS2,TPX2,STMN1,CENPU					
3	13819	40	GKN2,TFF1,GKN1,TFF3,S100P,S100A14,AKR1B10,CEACAM5,REG4,GPX2,LGALS4,PLA2G10,TSPAN8,AGR3,PHGR1,ALDH3A1,PRSS3,GSTA1,AKR7A3,FXYD3,AGR2,RAB25,SPINK1,MAL2,CTSE,KRT8,TMEM45B,TSPAN1,C19orf33,KRT19					
4	10994	39	JCHAIN,IGKV4-1,TNFRSF17,IGKV1-5,IGLV3-1,DERL3,LINC02362,IGLV6-57,TXNDC5,AC104699.1,IGLL5,MZB1,IGKV3-20,CCR10,SPINK2,FCRL5,JSRP1,AC012236.1,IGLC2,IGLC3,IGHM,PNOC,IGKC,POU2AF1,IGHA2,LINC01480,IGHA1,SPAG4,CD79A,EAF2					
5	8946	40	CCL11,AGT,DPT,TRPA1,APOD,CXCL14,PDGFRA,MFAP4,TCF21,POSTN,FENDRR,LUM,ADH1B,FIBIN,NEGR1,TMEM119,GFRA1,ABCA8,DCN,IGFBP5,TMEM100,SGCD,FBLN1,EMILIN1,SRPX2,MMP2,PLAT,PODN,ALDH1A3,CTSK					
6	7482	40	PLVAP,EMCN,TM4SF18,SOX18,VWF,CDH5,RAMP3,EXOC3L2,PCAT19,ECSCR,ARHGEF15,ACKR1,MYCT1,CXorf36,CLEC14A,MMRN2,ROBO4,CLDN5,CCL14,NOVA2,SOX17,APLNR,ADGRL4,FAM167B,F2RL3,SHANK3,CYYR1,BCL6B,RAMP2,TEK					
7	6808	40	GNLY,PRF1,KLRD1,GZMB,KLRC1,NKG7,CTSW,GZMA,HOPX,CLIC3,GZMH,MATK,CD247,IL2RB,SLA2,CST7,CCL5,CD7,LINC01871,SH2D2A,SYTL3,AOAH,SPN,TNFRSF18,APOBEC3G,TRBC1,BIN2,DOK2,GPR65,ARHGAP9					
8	6210	39	IGHG4,IGHG1,IGHG3,IGLC3,IGKC,IGHA1,IGLC2,IGHA2,JSRP1,FCRL5,MZB1,IGLL5,DERL3,SPAG4,POU2AF1,TNFRSF17,SSR4,COBLL1,SDC1,CD79A,RAB30,FKBP11,PRDX4,ANKRD28,XBP1,SLAMF7,SEC11C,FKBP2,JCHAIN,PLPP5					
9	6007	40	HIST1H2AM,RASEF,ANKRD36C,CAPN8,CYP3A5,AC023157.3,ELF3,TMC5,ERN2,ABCC3,MICALL2,LIPH,EPS8L3,LAMA3,ARL14,EPS8L1,KLF5,SULT1C2,TRPM4,RND3,MUC5AC,LAMB3,FOXA3,SEMA3B,BAIAP2L1,LMO7,MLPH,EPS8L2,CLDN4,EPHA2					
