epithelial_cluster	cell_count	sample_count	group_cell_counts	top_markers	include_in_malignancy	contamination_status	epithelial_subtype	review_reason
1	4206	39	Normal_Gastric=1426|Peritoneal_Metastasis=107|Primary_Tumor=2673	RPS24,RPL32,RPS14,RPLP1,RPL11,RPL29,RPS3A,RPL10,RPL35A,RPS8,RPS12,RPS15A,RPL13,RPL37,RPS4X,RPL34,RPS27A,RPL39,RPS18,RPS13,RPL19,RPL7A,RPS28,RPL30,RPL14,RPL6,RPS6,RPL18A,RPS5,RPL15				
10	1190	39	Normal_Gastric=497|Peritoneal_Metastasis=42|Primary_Tumor=651	EGR1,FOS,DNAJB1,ATF3,FOSB,CITED2,JUN,IER2,DUSP1,GADD45B,MYLIP,ADAMTS1,ID2,HSPA8,TUBB4B,JUNB,HSPA1B,HBEGF,CYR61,SNHG12,SNAI1,ARL4D,DNAJA1,TENT5C,ANKRD37,BTG2,HSP90AA1,CBX4,NR4A1,CTGF				
11	1075	39	Normal_Gastric=368|Peritoneal_Metastasis=20|Primary_Tumor=687	CXCL2,CXCL3,CXCL1,CXCL8,NFKBIA,ICAM1,CD83,EDN1,DNAJB1,CTGF,CEBPD,SOCS3,NCOA7,SOD2,MAFF,IRF1,ZFP36L1,CXCL5,IER3,IRF8,PPP1R15A,BCL3,ZFP36,FOS,AMOTL2,CYR61,BAG3,KLF10,ATF3,EGR1				
12	824	39	Normal_Gastric=212|Peritoneal_Metastasis=14|Primary_Tumor=598	RPS18,RPL36,MT-CO1,RPL35,RPS15,RPL13,MT-ND1,RPS19,RPL13A,MT-ND5,MT-ATP8,MT-ND4L,RPL28,MT-CYB,MT-CO2,MT-CO3,RPS2,RPS27,ELOB,RPS9,RPL37A,MT-ND2,RPL37,RRBP1,ATP5F1D,RPL18A,RPS21,RPL31,MT-ATP6,RPL38				
13	814	39	Normal_Gastric=191|Peritoneal_Metastasis=29|Primary_Tumor=594	SRGN,CD37,LAPTM5,VIM,SAMSN1,GYPC,SLC2A3,ALOX5AP,PTPRC,EMP3,CXCR4,LGALS1,CORO1A,LSP1,ARHGDIB,RAC2,TYROBP,IFITM2,RGS1,CCL4,B2M,LIMD2,TUBA1A,S100A4,IGFBP7,CREM,IFITM1,HLA-DPA1,HLA-B,IFI16				
14	709	37	Normal_Gastric=248|Peritoneal_Metastasis=25|Primary_Tumor=436	HSPA6,DNAJB1,HSPA1B,BAG3,HSPA1A,HSPH1,HSP90AA1,FOS,ZFAND2A,HSP90AB1,HSPA8,DUSP1,JUN,UBB,HSPB1,PDK4,DNAJA1,HBEGF,DNAJA4,ATF3,CYR61,FOSB,HSPD1,CTGF,EGR1,CLK1,DNAJB4,RHOB,UBC,ZNF217				
15	701	37	Normal_Gastric=223|Peritoneal_Metastasis=7|Primary_Tumor=471	DUOXA2,DUOX2,APOL1,IFI27,PSAPL1,DDX60,CEACAM5,HLA-A,ISG15,PHGR1,GKN1,HRASLS2,CDHR2,GSN,RSAD2,EPS8L1,SDCBP2,TFF1,TYMP,GKN2,MUC1,HLA-E,SPATS2L,MALAT1,HLA-F,COL17A1,MUCL3,S100P,LGALS9B,LAMB3				
16	371	37	Normal_Gastric=100|Peritoneal_Metastasis=6|Primary_Tumor=265	MIR155HG,MZB1,ANKRD28,IGLL5,PDE4B,RGS1,JCHAIN,JSRP1,TAGAP,CYTOR,AC016831.7,IGHA1,VIM,IGKC,PRDM1,IGHA2,IGHG3,MALAT1,DERL3,TSC22D3,IGLC3,IGLC2,HSP90AA1,TGFB1,DUSP5,UBC,PIM2,HSPA1B,MIR29B2CHG,HSPA1A				
17	298	24	Normal_Gastric=238|Peritoneal_Metastasis=1|Primary_Tumor=59	CKM,TRIM50,SULT2A1,ETNPPL,SIGLEC11,LINC00671,ATP4B,FRMD1,APOBEC2,GIF,RPRM,FABP3,AC116407.1,SMIM11A,CLIC6,ATP4A,RBPMS2,CKMT2,ESRRG,CPA2,G0S2,CHIA,TPD52L1,KCNE2,CYFIP2,ODAM,CNTD1,SLC25A4,MFSD4A,FXYD4				
18	277	35	Normal_Gastric=62|Peritoneal_Metastasis=18|Primary_Tumor=197	RNASE1,GKN2,GKN1,TFF1,TFF2,S100P,MUCL3,IFI27,PSCA,MUC5AC,VSIG2,CAPN8,SPINK1,LGALS9C,CTSE,SMIM22,GSN,CA2,FCGBP,MUC1,PHGR1,ANXA10,AKR1B10,LINC01133,TMSB4X,MSMB,CYSTM1,LGALS9B,NKX6-2,CLDN18				
19	188	35	Normal_Gastric=47|Peritoneal_Metastasis=8|Primary_Tumor=133	HLA-DPB1,CD74,HLA-DPA1,HLA-DRA,HLA-DRB5,HLA-DRB1,HLA-DMA,HLA-DQA1,HLA-DQB1,B2M,HLA-DMB,HLA-B,HLA-C,UBD,LCN2,IFITM3,MMP7,BPIFB1,PDZK1IP1,IFI6,BST2,HLA-A,CFB,MIA,LY6E,IFITM1,ITM2B,AQP5,PSMB9,SYNGR2				
2	3191	39	Normal_Gastric=906|Peritoneal_Metastasis=39|Primary_Tumor=2246	HIST1H2BB,HIST1H2AM,TNFRSF10D,HIST1H2AG,PIK3R3,CSKMT,Z93241.1,SQSTM1,ELF3,NEAT1,NFKBIZ,LMNA,MALAT1,ZFP36L2,PPP1R15A,HSPA1B,JUN,BRD2,AC023157.3,PLK3,SNHG12,IER2,HIST1H4C,POLR2A,FOSB,HEXIM1,IER3,AC087623.3,KLF5,AHNAK				
3	2733	39	Normal_Gastric=746|Peritoneal_Metastasis=60|Primary_Tumor=1927	CEACAM6,MALL,CEACAM5,RHOC,S100A16,S100A6,PLAC8,S100A11,S100A14,SH3BGRL3,PRSS3,SDCBP2,ANXA2,LGALS4,RHOF,LGALS3,CSTB,KRT19,MYL12B,S100A10,TSPAN1,TSPAN8,VAMP8,KRT8,CLTB,CAPG,S100P,MGST3,MYL12A,IFI27				
4	2180	39	Normal_Gastric=417|Peritoneal_Metastasis=28|Primary_Tumor=1735	UBE2C,SPC25,PBK,CCNB2,CDKN3,MAD2L1,CENPA,CEP55,CDK1,CCNA2,NEK2,BIRC5,NUF2,PTTG1,CDC20,DLGAP5,PLK1,HMMR,CCNB1,OIP5,TYMS,UBE2T,CENPW,CDCA3,TOP2A,NCAPH,PCLAF,TPX2,MND1,RRM2				
5	2017	39	Normal_Gastric=615|Peritoneal_Metastasis=25|Primary_Tumor=1377	MALAT1,NEAT1,CAPN8,CYP3A5,MUC5AC,GKN1,ANKRD36C,SYTL2,ELF3,GKN2,MUCL3,SULT1C2,ACADVL,SAT1,MLPH,PSCA,TFF1,RNF213,ABCC3,EPS8L1,MICALL2,PHGR1,LGALS9C,VILL,MUC1,RASEF,ERN2,SON,EPS8L2,PLEC				
6	1607	39	Normal_Gastric=726|Peritoneal_Metastasis=51|Primary_Tumor=830	MT1G,MT1H,MT1X,MT2A,MT1M,MT1F,MT1E,PGA4,PGA5,TMED6,NBPF12,AZGP1,PGA3,KCNE2,RARRES2,LIPF,PDIA2,C16orf89,CXCL17,NUPR1,REG1A,PGC,GAMT,PLTP,GSTA4,DCXR,NUCB2,LRRC26,RPLP1,PKIB				
7	1607	39	Normal_Gastric=545|Peritoneal_Metastasis=45|Primary_Tumor=1017	MUC6,FMOD,CLU,LTF,C16orf89,AQP5,CTGF,FUT9,C6orf58,CYR61,RPS4X,RPL5,RPL6,EEF1A1,RPL10,RPL26,RPL34,RPL11,CITED2,CST3,SLC12A2,MYLIP,TMEM98,KCNE2,RPS13,REG1A,RPS7,TMEM97,NACA,RPS3A				
8	1437	38	Normal_Gastric=440|Peritoneal_Metastasis=40|Primary_Tumor=957	FOXQ1,PARD6B,ZBTB43,F2RL1,TENT5A,GPRC5A,RAP2B,MAL2,SOSTDC1,UGCG,BAG3,CTSE,TES,KLF2,AKR1B10,LAMB3,ITPKC,S100P,KLF6,EMP1,INAVA,OCLN,EZR,TACSTD2,MIR22HG,ANXA1,FRMD4B,AGR3,NQO1,CLDN18				
9	1396	35	Normal_Gastric=735|Peritoneal_Metastasis=15|Primary_Tumor=646	LY6H,MBOAT4,BEX1,CHGA,GHRL,NEUROD1,PTPRN,CAMK2B,INSM1,SYT4,VWA5B2,PCSK1,SCG3,MIR7-3HG,SCGN,RFX6,SNAP25,ST18,GC,DIRAS3,GNG4,SCG5,ABCC8,RIMBP2,VSTM2L,HEPACAM2,CELF3,FEV,TUBB2B,CHGB				
