sample_id	input_cells	scDblFinder_version	scDblFinder_workers	scDblFinder_expected_rate_source	scDblFinder_doublets	DoubletFinder_version	DoubletFinder_status	DoubletFinder_pN	DoubletFinder_pK	DoubletFinder_nExp	DoubletFinder_expected_rate	DoubletFinder_only_doublets	DoubletFinder_error	final_deletion_rule	seed
sample1	2631	1.20.2	8	automatic_10x_rate_dbr_per1k_0.008	121	2.0.6	completed_sensitivity_only	0.25	0.01	55	0.021048	29	NA	scDblFinder_doublet_only	42
sample10	2604	1.20.2	8	automatic_10x_rate_dbr_per1k_0.008	118	2.0.6	completed_sensitivity_only	0.25	0.3	54	0.020832	53	NA	scDblFinder_doublet_only	42
sample11	819	1.20.2	8	automatic_10x_rate_dbr_per1k_0.008	23	2.0.6	completed_sensitivity_only	0.25	0.21	5	0.006552	5	NA	scDblFinder_doublet_only	42
sample12	557	1.20.2	8	automatic_10x_rate_dbr_per1k_0.008	15	2.0.6	completed_sensitivity_only	0.25	0.02	2	0.004456	2	NA	scDblFinder_doublet_only	42
sample13	1897	1.20.2	8	automatic_10x_rate_dbr_per1k_0.008	91	2.0.6	completed_sensitivity_only	0.25	0.02	29	0.015176	4	NA	scDblFinder_doublet_only	42
sample14	7069	1.20.2	8	automatic_10x_rate_dbr_per1k_0.008	598	2.0.6	completed_sensitivity_only	0.25	0.3	400	0.056552	377	NA	scDblFinder_doublet_only	42
sample15	13170	1.20.2	8	automatic_10x_rate_dbr_per1k_0.008	1572	2.0.6	completed_sensitivity_only	0.25	0.001	1388	0.10536	903	NA	scDblFinder_doublet_only	42
sample16	1589	1.20.2	8	automatic_10x_rate_dbr_per1k_0.008	52	2.0.6	completed_sensitivity_only	0.25	0.26	20	0.012712	20	NA	scDblFinder_doublet_only	42
sample17	7253	1.20.2	8	automatic_10x_rate_dbr_per1k_0.008	524	2.0.6	completed_sensitivity_only	0.25	0.3	421	0.058024	295	NA	scDblFinder_doublet_only	42
sample18	6566	1.20.2	8	automatic_10x_rate_dbr_per1k_0.008	531	2.0.6	completed_sensitivity_only	0.25	0.005	345	0.052528	165	NA	scDblFinder_doublet_only	42
sample19	1165	1.20.2	8	automatic_10x_rate_dbr_per1k_0.008	40	2.0.6	completed_sensitivity_only	0.25	0.02	11	0.00932	11	NA	scDblFinder_doublet_only	42
sample2	2717	1.20.2	8	automatic_10x_rate_dbr_per1k_0.008	126	2.0.6	completed_sensitivity_only	0.25	0.23	59	0.021736	59	NA	scDblFinder_doublet_only	42
sample20	4265	1.20.2	8	automatic_10x_rate_dbr_per1k_0.008	237	2.0.6	completed_sensitivity_only	0.25	0.16	146	0.03412	144	NA	scDblFinder_doublet_only	42
sample21	1848	1.20.2	8	automatic_10x_rate_dbr_per1k_0.008	71	2.0.6	completed_sensitivity_only	0.25	0.18	27	0.014784	26	NA	scDblFinder_doublet_only	42
sample22	396	1.20.2	8	automatic_10x_rate_dbr_per1k_0.008	11	2.0.6	completed_sensitivity_only	0.25	0.07	1	0.003168	1	NA	scDblFinder_doublet_only	42
sample23	3668	1.20.2	8	automatic_10x_rate_dbr_per1k_0.008	183	2.0.6	completed_sensitivity_only	0.25	0.2	108	0.029344	96	NA	scDblFinder_doublet_only	42
sample24	2487	1.20.2	8	automatic_10x_rate_dbr_per1k_0.008	26	2.0.6	completed_sensitivity_only	0.25	0.005	49	0.019896	40	NA	scDblFinder_doublet_only	42
sample25	4094	1.20.2	8	automatic_10x_rate_dbr_per1k_0.008	231	2.0.6	completed_sensitivity_only	0.25	0.09	134	0.032752	102	NA	scDblFinder_doublet_only	42
sample26	2597	1.20.2	8	automatic_10x_rate_dbr_per1k_0.008	115	2.0.6	completed_sensitivity_only	0.25	0.3	54	0.020776	51	NA	scDblFinder_doublet_only	42
sample27	4041	1.20.2	8	automatic_10x_rate_dbr_per1k_0.008	246	2.0.6	completed_sensitivity_only	0.25	0.3	131	0.032328	116	NA	scDblFinder_doublet_only	42
sample28	6121	1.20.2	8	automatic_10x_rate_dbr_per1k_0.008	440	2.0.6	completed_sensitivity_only	0.25	0.15	300	0.048968	279	NA	scDblFinder_doublet_only	42
sample29	3478	1.20.2	8	automatic_10x_rate_dbr_per1k_0.008	168	2.0.6	completed_sensitivity_only	0.25	0.2	97	0.027824	71	NA	scDblFinder_doublet_only	42
sample3	3451	1.20.2	8	automatic_10x_rate_dbr_per1k_0.008	172	2.0.6	completed_sensitivity_only	0.25	0.005	95	0.027608	62	NA	scDblFinder_doublet_only	42
sample30	3730	1.20.2	8	automatic_10x_rate_dbr_per1k_0.008	229	2.0.6	completed_sensitivity_only	0.25	0.005	111	0.02984	55	NA	scDblFinder_doublet_only	42
sample31	1858	1.20.2	8	automatic_10x_rate_dbr_per1k_0.008	72	2.0.6	completed_sensitivity_only	0.25	0.01	28	0.014864	13	NA	scDblFinder_doublet_only	42
sample32	2131	1.20.2	8	automatic_10x_rate_dbr_per1k_0.008	82	2.0.6	completed_sensitivity_only	0.25	0.005	36	0.017048	20	NA	scDblFinder_doublet_only	42
sample33	5615	1.20.2	8	automatic_10x_rate_dbr_per1k_0.008	374	2.0.6	completed_sensitivity_only	0.25	0.005	252	0.04492	156	NA	scDblFinder_doublet_only	42
sample34	12065	1.20.2	8	automatic_10x_rate_dbr_per1k_0.008	1431	2.0.6	completed_sensitivity_only	0.25	0.005	1165	0.09652	752	NA	scDblFinder_doublet_only	42
sample35	8382	1.20.2	8	automatic_10x_rate_dbr_per1k_0.008	798	2.0.6	completed_sensitivity_only	0.25	0.23	562	0.067056	496	NA	scDblFinder_doublet_only	42
sample36	3304	1.20.2	8	automatic_10x_rate_dbr_per1k_0.008	165	2.0.6	completed_sensitivity_only	0.25	0.19	87	0.026432	66	NA	scDblFinder_doublet_only	42
sample37	172	1.20.2	8	automatic_10x_rate_dbr_per1k_0.008	4	2.0.6	not_evaluable_small_sample	0.25	NA	NA	NA	0	NA	scDblFinder_doublet_only	42
sample38	1617	1.20.2	8	automatic_10x_rate_dbr_per1k_0.008	53	2.0.6	completed_sensitivity_only	0.25	0.01	21	0.012936	11	NA	scDblFinder_doublet_only	42
sample39	5128	1.20.2	8	automatic_10x_rate_dbr_per1k_0.008	335	2.0.6	completed_sensitivity_only	0.25	0.02	210	0.041024	139	NA	scDblFinder_doublet_only	42
sample4	2020	1.20.2	8	automatic_10x_rate_dbr_per1k_0.008	67	2.0.6	completed_sensitivity_only	0.25	0.01	33	0.01616	18	NA	scDblFinder_doublet_only	42
sample40	4960	1.20.2	8	automatic_10x_rate_dbr_per1k_0.008	294	2.0.6	completed_sensitivity_only	0.25	0.005	197	0.03968	85	NA	scDblFinder_doublet_only	42
sample5	3644	1.20.2	8	automatic_10x_rate_dbr_per1k_0.008	188	2.0.6	completed_sensitivity_only	0.25	0.09	106	0.029152	87	NA	scDblFinder_doublet_only	42
sample6	2014	1.20.2	8	automatic_10x_rate_dbr_per1k_0.008	80	2.0.6	completed_sensitivity_only	0.25	0.01	32	0.016112	24	NA	scDblFinder_doublet_only	42
sample7	2048	1.20.2	8	automatic_10x_rate_dbr_per1k_0.008	86	2.0.6	completed_sensitivity_only	0.25	0.005	34	0.016384	19	NA	scDblFinder_doublet_only	42
sample8	6881	1.20.2	8	automatic_10x_rate_dbr_per1k_0.008	526	2.0.6	completed_sensitivity_only	0.25	0.16	379	0.055048	331	NA	scDblFinder_doublet_only	42
sample9	3268	1.20.2	8	automatic_10x_rate_dbr_per1k_0.008	175	2.0.6	completed_sensitivity_only	0.25	0.005	85	0.026144	26	NA	scDblFinder_doublet_only	42
