sample_id	geo_accession	matrix_path	expected_features	actual_features	expected_cells	actual_cells	matrix_orientation	duplicate_gene_count	duplicate_barcode_count	metadata_match	raw_counts_integer_nonnegative	import_status
sample1	GSM5573466	/root/gc-mlmod-project/data/processed_input/GSE183904/GSM5573466_sample1.csv.gz	26571	26571	2685	2685	gene_by_cell	0	0	TRUE	TRUE	PASS
sample2	GSM5573467	/root/gc-mlmod-project/data/processed_input/GSE183904/GSM5573467_sample2.csv.gz	26571	26571	2769	2769	gene_by_cell	0	0	TRUE	TRUE	PASS
sample3	GSM5573468	/root/gc-mlmod-project/data/processed_input/GSE183904/GSM5573468_sample3.csv.gz	26571	26571	3525	3525	gene_by_cell	0	0	TRUE	TRUE	PASS
sample4	GSM5573469	/root/gc-mlmod-project/data/processed_input/GSE183904/GSM5573469_sample4.csv.gz	26571	26571	2066	2066	gene_by_cell	0	0	TRUE	TRUE	PASS
sample5	GSM5573470	/root/gc-mlmod-project/data/processed_input/GSE183904/GSM5573470_sample5.csv.gz	26571	26571	3693	3693	gene_by_cell	0	0	TRUE	TRUE	PASS
sample6	GSM5573471	/root/gc-mlmod-project/data/processed_input/GSE183904/GSM5573471_sample6.csv.gz	26571	26571	2065	2065	gene_by_cell	0	0	TRUE	TRUE	PASS
sample7	GSM5573472	/root/gc-mlmod-project/data/processed_input/GSE183904/GSM5573472_sample7.csv.gz	26571	26571	2097	2097	gene_by_cell	0	0	TRUE	TRUE	PASS
sample8	GSM5573473	/root/gc-mlmod-project/data/processed_input/GSE183904/GSM5573473_sample8.csv.gz	26571	26571	7177	7177	gene_by_cell	0	0	TRUE	TRUE	PASS
sample9	GSM5573474	/root/gc-mlmod-project/data/processed_input/GSE183904/GSM5573474_sample9.csv.gz	26571	26571	3319	3319	gene_by_cell	0	0	TRUE	TRUE	PASS
sample10	GSM5573475	/root/gc-mlmod-project/data/processed_input/GSE183904/GSM5573475_sample10.csv.gz	26571	26571	2668	2668	gene_by_cell	0	0	TRUE	TRUE	PASS
sample11	GSM5573476	/root/gc-mlmod-project/data/processed_input/GSE183904/GSM5573476_sample11.csv.gz	26571	26571	851	851	gene_by_cell	0	0	TRUE	TRUE	PASS
sample12	GSM5573477	/root/gc-mlmod-project/data/processed_input/GSE183904/GSM5573477_sample12.csv.gz	26571	26571	592	592	gene_by_cell	0	0	TRUE	TRUE	PASS
sample13	GSM5573478	/root/gc-mlmod-project/data/processed_input/GSE183904/GSM5573478_sample13.csv.gz	26571	26571	2339	2339	gene_by_cell	0	0	TRUE	TRUE	PASS
sample14	GSM5573479	/root/gc-mlmod-project/data/processed_input/GSE183904/GSM5573479_sample14.csv.gz	26571	26571	7276	7276	gene_by_cell	0	0	TRUE	TRUE	PASS
sample15	GSM5573480	/root/gc-mlmod-project/data/processed_input/GSE183904/GSM5573480_sample15.csv.gz	26571	26571	13626	13626	gene_by_cell	0	0	TRUE	TRUE	PASS
sample16	GSM5573481	/root/gc-mlmod-project/data/processed_input/GSE183904/GSM5573481_sample16.csv.gz	26571	26571	1689	1689	gene_by_cell	0	0	TRUE	TRUE	PASS
sample17	GSM5573482	/root/gc-mlmod-project/data/processed_input/GSE183904/GSM5573482_sample17.csv.gz	26571	26571	7380	7380	gene_by_cell	0	0	TRUE	TRUE	PASS
sample18	GSM5573483	/root/gc-mlmod-project/data/processed_input/GSE183904/GSM5573483_sample18.csv.gz	26571	26571	6859	6859	gene_by_cell	0	0	TRUE	TRUE	PASS
sample19	GSM5573484	/root/gc-mlmod-project/data/processed_input/GSE183904/GSM5573484_sample19.csv.gz	26571	26571	1215	1215	gene_by_cell	0	0	TRUE	TRUE	PASS
sample20	GSM5573485	/root/gc-mlmod-project/data/processed_input/GSE183904/GSM5573485_sample20.csv.gz	26571	26571	4487	4487	gene_by_cell	0	0	TRUE	TRUE	PASS
sample21	GSM5573486	/root/gc-mlmod-project/data/processed_input/GSE183904/GSM5573486_sample21.csv.gz	26571	26571	1879	1879	gene_by_cell	0	0	TRUE	TRUE	PASS
sample22	GSM5573487	/root/gc-mlmod-project/data/processed_input/GSE183904/GSM5573487_sample22.csv.gz	26571	26571	399	399	gene_by_cell	0	0	TRUE	TRUE	PASS
sample23	GSM5573488	/root/gc-mlmod-project/data/processed_input/GSE183904/GSM5573488_sample23.csv.gz	26571	26571	3809	3809	gene_by_cell	0	0	TRUE	TRUE	PASS
sample24	GSM5573489	/root/gc-mlmod-project/data/processed_input/GSE183904/GSM5573489_sample24.csv.gz	26571	26571	2597	2597	gene_by_cell	0	0	TRUE	TRUE	PASS
sample25	GSM5573490	/root/gc-mlmod-project/data/processed_input/GSE183904/GSM5573490_sample25.csv.gz	26571	26571	4140	4140	gene_by_cell	0	0	TRUE	TRUE	PASS
sample26	GSM5573491	/root/gc-mlmod-project/data/processed_input/GSE183904/GSM5573491_sample26.csv.gz	26571	26571	2681	2681	gene_by_cell	0	0	TRUE	TRUE	PASS
sample27	GSM5573492	/root/gc-mlmod-project/data/processed_input/GSE183904/GSM5573492_sample27.csv.gz	26571	26571	4600	4600	gene_by_cell	0	0	TRUE	TRUE	PASS
sample28	GSM5573493	/root/gc-mlmod-project/data/processed_input/GSE183904/GSM5573493_sample28.csv.gz	26571	26571	6173	6173	gene_by_cell	0	0	TRUE	TRUE	PASS
sample29	GSM5573494	/root/gc-mlmod-project/data/processed_input/GSE183904/GSM5573494_sample29.csv.gz	26571	26571	3593	3593	gene_by_cell	0	0	TRUE	TRUE	PASS
sample30	GSM5573495	/root/gc-mlmod-project/data/processed_input/GSE183904/GSM5573495_sample30.csv.gz	26571	26571	3798	3798	gene_by_cell	0	0	TRUE	TRUE	PASS
sample31	GSM5573496	/root/gc-mlmod-project/data/processed_input/GSE183904/GSM5573496_sample31.csv.gz	26571	26571	1996	1996	gene_by_cell	0	0	TRUE	TRUE	PASS
sample32	GSM5573497	/root/gc-mlmod-project/data/processed_input/GSE183904/GSM5573497_sample32.csv.gz	26571	26571	2252	2252	gene_by_cell	0	0	TRUE	TRUE	PASS
sample33	GSM5573498	/root/gc-mlmod-project/data/processed_input/GSE183904/GSM5573498_sample33.csv.gz	26571	26571	5823	5823	gene_by_cell	0	0	TRUE	TRUE	PASS
sample34	GSM5573499	/root/gc-mlmod-project/data/processed_input/GSE183904/GSM5573499_sample34.csv.gz	26571	26571	12463	12463	gene_by_cell	0	0	TRUE	TRUE	PASS
sample35	GSM5573500	/root/gc-mlmod-project/data/processed_input/GSE183904/GSM5573500_sample35.csv.gz	26571	26571	8388	8388	gene_by_cell	0	0	TRUE	TRUE	PASS
sample36	GSM5573501	/root/gc-mlmod-project/data/processed_input/GSE183904/GSM5573501_sample36.csv.gz	26571	26571	3363	3363	gene_by_cell	0	0	TRUE	TRUE	PASS
sample37	GSM5573502	/root/gc-mlmod-project/data/processed_input/GSE183904/GSM5573502_sample37.csv.gz	26571	26571	186	186	gene_by_cell	0	0	TRUE	TRUE	PASS
sample38	GSM5573503	/root/gc-mlmod-project/data/processed_input/GSE183904/GSM5573503_sample38.csv.gz	26571	26571	1677	1677	gene_by_cell	0	0	TRUE	TRUE	PASS
sample39	GSM5573504	/root/gc-mlmod-project/data/processed_input/GSE183904/GSM5573504_sample39.csv.gz	26571	26571	5369	5369	gene_by_cell	0	0	TRUE	TRUE	PASS
sample40	GSM5573505	/root/gc-mlmod-project/data/processed_input/GSE183904/GSM5573505_sample40.csv.gz	26571	26571	5077	5077	gene_by_cell	0	0	TRUE	TRUE	PASS
